duplicate_type,key,occurrence_count,classification,description
RAW_UID_DUPLICATE,UbhONRGm-90--61,2,SAFE,Raw UID occurred 2 times in raw CSV; disambiguated in manifest
CROSS_SPLIT_SENTENCE_OVERLAP,Reading is fun.,3,REVIEW,"Identical English target appears in test, train, val"
CROSS_SPLIT_SENTENCE_OVERLAP,Eat,2,REVIEW,"Identical English target appears in test, train"
CROSS_SPLIT_SENTENCE_OVERLAP,drop,2,REVIEW,"Identical English target appears in train, val"
CROSS_SPLIT_SENTENCE_OVERLAP,Now let's read.,2,REVIEW,"Identical English target appears in train, val"
CROSS_SPLIT_SENTENCE_OVERLAP,Let's talk!,3,REVIEW,"Identical English target appears in test, train, val"
CROSS_SPLIT_SENTENCE_OVERLAP,Fill in the blanks.,2,REVIEW,"Identical English target appears in train, val"
CROSS_SPLIT_SENTENCE_OVERLAP,Let's read and write.,2,REVIEW,"Identical English target appears in test, train"
CROSS_SPLIT_SENTENCE_OVERLAP,V,2,REVIEW,"Identical English target appears in test, train"
CROSS_SPLIT_SENTENCE_OVERLAP,Page 66.,2,REVIEW,"Identical English target appears in test, train"
CROSS_SPLIT_SENTENCE_OVERLAP,Say aloud.,2,REVIEW,"Identical English target appears in train, val"
CROSS_SPLIT_SENTENCE_OVERLAP,Fill in the letters to complete the crossword puzzle.,2,REVIEW,"Identical English target appears in train, val"
CROSS_SPLIT_SENTENCE_OVERLAP,New words,2,REVIEW,"Identical English target appears in train, val"
CROSS_SPLIT_SENTENCE_OVERLAP,Let's draw.,2,REVIEW,"Identical English target appears in test, train"
CROSS_SPLIT_SENTENCE_OVERLAP,Here you can see a picture of a house.,2,REVIEW,"Identical English target appears in test, train"
CROSS_SPLIT_SENTENCE_OVERLAP,A,3,REVIEW,"Identical English target appears in test, train, val"
CROSS_SPLIT_SENTENCE_OVERLAP,B,3,REVIEW,"Identical English target appears in test, train, val"
CROSS_SPLIT_SENTENCE_OVERLAP,E,2,REVIEW,"Identical English target appears in train, val"
CROSS_SPLIT_SENTENCE_OVERLAP,G,2,REVIEW,"Identical English target appears in test, train"
CROSS_SPLIT_SENTENCE_OVERLAP,M,2,REVIEW,"Identical English target appears in train, val"
CROSS_SPLIT_SENTENCE_OVERLAP,R,2,REVIEW,"Identical English target appears in train, val"
CROSS_SPLIT_SENTENCE_OVERLAP,N,2,REVIEW,"Identical English target appears in test, train"
CROSS_SPLIT_SENTENCE_OVERLAP,H,2,REVIEW,"Identical English target appears in test, train"
CROSS_SPLIT_SENTENCE_OVERLAP,D,3,REVIEW,"Identical English target appears in test, train, val"
CROSS_SPLIT_SENTENCE_OVERLAP,Unit 5,2,REVIEW,"Identical English target appears in test, train"
CROSS_SPLIT_SENTENCE_OVERLAP,New words learnt from the poem.,2,REVIEW,"Identical English target appears in test, train"
CROSS_SPLIT_SENTENCE_OVERLAP,Up.,2,REVIEW,"Identical English target appears in test, train"
CROSS_SPLIT_SENTENCE_OVERLAP,three,2,REVIEW,"Identical English target appears in train, val"
CROSS_SPLIT_SENTENCE_OVERLAP,I'm going to sweep the dirt away.,2,REVIEW,"Identical English target appears in test, train"
CROSS_SPLIT_SENTENCE_OVERLAP,For example,2,REVIEW,"Identical English target appears in test, train"
CROSS_SPLIT_SENTENCE_OVERLAP,Fun time!,2,REVIEW,"Identical English target appears in test, train"
CROSS_SPLIT_SENTENCE_OVERLAP,What happened?,2,REVIEW,"Identical English target appears in train, val"
CROSS_SPLIT_SENTENCE_OVERLAP,Paul was looking out of the window.  3,2,REVIEW,"Identical English target appears in train, val"
CROSS_SPLIT_SENTENCE_OVERLAP,5,3,REVIEW,"Identical English target appears in test, train, val"
CROSS_SPLIT_SENTENCE_OVERLAP,blank 2,2,REVIEW,"Identical English target appears in test, train"
CROSS_SPLIT_SENTENCE_OVERLAP,blank 3,2,REVIEW,"Identical English target appears in test, train"
CROSS_SPLIT_SENTENCE_OVERLAP,2,3,REVIEW,"Identical English target appears in test, train, val"
CROSS_SPLIT_SENTENCE_OVERLAP,4,3,REVIEW,"Identical English target appears in test, train, val"
CROSS_SPLIT_SENTENCE_OVERLAP,3,3,REVIEW,"Identical English target appears in test, train, val"
CROSS_SPLIT_SENTENCE_OVERLAP,to the describing word.,2,REVIEW,"Identical English target appears in train, val"
CROSS_SPLIT_SENTENCE_OVERLAP,6,3,REVIEW,"Identical English target appears in test, train, val"
CROSS_SPLIT_SENTENCE_OVERLAP,Blank,2,REVIEW,"Identical English target appears in test, train"
CROSS_SPLIT_SENTENCE_OVERLAP,blank,3,REVIEW,"Identical English target appears in test, train, val"
CROSS_SPLIT_SENTENCE_OVERLAP,Blank.,2,REVIEW,"Identical English target appears in train, val"
CROSS_SPLIT_SENTENCE_OVERLAP,Creative Writing,2,REVIEW,"Identical English target appears in train, val"
CROSS_SPLIT_SENTENCE_OVERLAP,"Say, aloud.",2,REVIEW,"Identical English target appears in train, val"
CROSS_SPLIT_SENTENCE_OVERLAP,Let's share!,3,REVIEW,"Identical English target appears in test, train, val"
CROSS_SPLIT_SENTENCE_OVERLAP,Sun,2,REVIEW,"Identical English target appears in train, val"
CROSS_SPLIT_SENTENCE_OVERLAP,Cloud,2,REVIEW,"Identical English target appears in train, val"
CROSS_SPLIT_SENTENCE_OVERLAP,Let's talk.,3,REVIEW,"Identical English target appears in test, train, val"
CROSS_SPLIT_SENTENCE_OVERLAP,Let's share,3,REVIEW,"Identical English target appears in test, train, val"
CROSS_SPLIT_SENTENCE_OVERLAP,paper,2,REVIEW,"Identical English target appears in train, val"
CROSS_SPLIT_SENTENCE_OVERLAP,page 84,3,REVIEW,"Identical English target appears in test, train, val"
CROSS_SPLIT_SENTENCE_OVERLAP,Let's do!,3,REVIEW,"Identical English target appears in test, train, val"
CROSS_SPLIT_SENTENCE_OVERLAP,page 85,2,REVIEW,"Identical English target appears in test, train"
CROSS_SPLIT_SENTENCE_OVERLAP,is,2,REVIEW,"Identical English target appears in test, train"
CROSS_SPLIT_SENTENCE_OVERLAP,flies,2,REVIEW,"Identical English target appears in train, val"
CROSS_SPLIT_SENTENCE_OVERLAP,nest,3,REVIEW,"Identical English target appears in test, train, val"
CROSS_SPLIT_SENTENCE_OVERLAP,Chapter 15,2,REVIEW,"Identical English target appears in train, val"
CROSS_SPLIT_SENTENCE_OVERLAP,Mother,2,REVIEW,"Identical English target appears in test, train"
CROSS_SPLIT_SENTENCE_OVERLAP,Let's try this.,2,REVIEW,"Identical English target appears in test, train"
CROSS_SPLIT_SENTENCE_OVERLAP,1,3,REVIEW,"Identical English target appears in test, train, val"
CROSS_SPLIT_SENTENCE_OVERLAP,Page 48,2,REVIEW,"Identical English target appears in test, train"
CROSS_SPLIT_SENTENCE_OVERLAP,Let's talk,2,REVIEW,"Identical English target appears in test, train"
CROSS_SPLIT_SENTENCE_OVERLAP,56,2,REVIEW,"Identical English target appears in test, train"
CROSS_SPLIT_SENTENCE_OVERLAP,Chapter 18,2,REVIEW,"Identical English target appears in train, val"
CROSS_SPLIT_SENTENCE_OVERLAP,What's the matter?,2,REVIEW,"Identical English target appears in train, val"
CROSS_SPLIT_SENTENCE_OVERLAP,and you say the teacher sentences.,2,REVIEW,"Identical English target appears in train, val"
CROSS_SPLIT_SENTENCE_OVERLAP,What colour is this?,2,REVIEW,"Identical English target appears in test, train"
CROSS_SPLIT_SENTENCE_OVERLAP,to the teacher.,3,REVIEW,"Identical English target appears in test, train, val"
CROSS_SPLIT_SENTENCE_OVERLAP,Turtle,2,REVIEW,"Identical English target appears in train, val"
CROSS_SPLIT_SENTENCE_OVERLAP,Let's read.,3,REVIEW,"Identical English target appears in test, train, val"
CROSS_SPLIT_SENTENCE_OVERLAP,big,2,REVIEW,"Identical English target appears in train, val"
CROSS_SPLIT_SENTENCE_OVERLAP,Page 108,2,REVIEW,"Identical English target appears in test, train"
CROSS_SPLIT_SENTENCE_OVERLAP,Page 115,2,REVIEW,"Identical English target appears in train, val"
CROSS_SPLIT_SENTENCE_OVERLAP,Page 117,2,REVIEW,"Identical English target appears in test, train"
CROSS_SPLIT_SENTENCE_OVERLAP,sequins,2,REVIEW,"Identical English target appears in train, val"
CROSS_SPLIT_SENTENCE_OVERLAP,wall,2,REVIEW,"Identical English target appears in test, train"
CROSS_SPLIT_SENTENCE_OVERLAP,van,2,REVIEW,"Identical English target appears in train, val"
CROSS_SPLIT_SENTENCE_OVERLAP,Page 112,2,REVIEW,"Identical English target appears in train, val"
CROSS_SPLIT_SENTENCE_OVERLAP,A pilot.,2,REVIEW,"Identical English target appears in train, val"
CROSS_SPLIT_SENTENCE_OVERLAP,Page 113.,2,REVIEW,"Identical English target appears in test, train"
CROSS_SPLIT_SENTENCE_OVERLAP,C,3,REVIEW,"Identical English target appears in test, train, val"
CROSS_SPLIT_SENTENCE_OVERLAP,I,2,REVIEW,"Identical English target appears in train, val"
CROSS_SPLIT_SENTENCE_OVERLAP,n,3,REVIEW,"Identical English target appears in test, train, val"
CROSS_SPLIT_SENTENCE_OVERLAP,S,2,REVIEW,"Identical English target appears in test, train"
CROSS_SPLIT_SENTENCE_OVERLAP,Page 95,2,REVIEW,"Identical English target appears in train, val"
CROSS_SPLIT_SENTENCE_OVERLAP,Develop listening skills,2,REVIEW,"Identical English target appears in test, train"
CROSS_SPLIT_SENTENCE_OVERLAP,Unit 4,2,REVIEW,"Identical English target appears in test, train"
CROSS_SPLIT_SENTENCE_OVERLAP,Field,2,REVIEW,"Identical English target appears in test, train"
CROSS_SPLIT_SENTENCE_OVERLAP,Let's listen.,3,REVIEW,"Identical English target appears in test, train, val"
CROSS_SPLIT_SENTENCE_OVERLAP,Dash,3,REVIEW,"Identical English target appears in test, train, val"
CROSS_SPLIT_SENTENCE_OVERLAP,Who am I?,2,REVIEW,"Identical English target appears in train, val"
CROSS_SPLIT_SENTENCE_OVERLAP,cot,2,REVIEW,"Identical English target appears in train, val"
CROSS_SPLIT_SENTENCE_OVERLAP,Page 73,2,REVIEW,"Identical English target appears in train, val"
CROSS_SPLIT_SENTENCE_OVERLAP,Why?,3,REVIEW,"Identical English target appears in test, train, val"
CROSS_SPLIT_SENTENCE_OVERLAP,fan,2,REVIEW,"Identical English target appears in test, train"
CROSS_SPLIT_SENTENCE_OVERLAP,cow,2,REVIEW,"Identical English target appears in test, train"
CROSS_SPLIT_SENTENCE_OVERLAP,This is a dash.,2,REVIEW,"Identical English target appears in train, val"
CROSS_SPLIT_SENTENCE_OVERLAP,Page 79,2,REVIEW,"Identical English target appears in test, train"
CROSS_SPLIT_SENTENCE_OVERLAP,Puppy and I,2,REVIEW,"Identical English target appears in train, val"
CROSS_SPLIT_SENTENCE_OVERLAP,Elephant,2,REVIEW,"Identical English target appears in train, val"
CROSS_SPLIT_SENTENCE_OVERLAP,Page 68,2,REVIEW,"Identical English target appears in test, train"
CROSS_SPLIT_SENTENCE_OVERLAP,dash dash,3,REVIEW,"Identical English target appears in test, train, val"
CROSS_SPLIT_SENTENCE_OVERLAP,Dash.,2,REVIEW,"Identical English target appears in train, val"
CROSS_SPLIT_SENTENCE_OVERLAP,Let's write.,3,REVIEW,"Identical English target appears in test, train, val"
CROSS_SPLIT_SENTENCE_OVERLAP,Queen,2,REVIEW,"Identical English target appears in test, train"
CROSS_SPLIT_SENTENCE_OVERLAP,Quiet!,2,REVIEW,"Identical English target appears in train, val"
CROSS_SPLIT_SENTENCE_OVERLAP,One has been done for you.,2,REVIEW,"Identical English target appears in train, val"
CROSS_SPLIT_SENTENCE_OVERLAP,Page 119,2,REVIEW,"Identical English target appears in test, train"
CROSS_SPLIT_SENTENCE_OVERLAP,a sailor,2,REVIEW,"Identical English target appears in train, val"
CROSS_SPLIT_SENTENCE_OVERLAP,Page 151,2,REVIEW,"Identical English target appears in test, train"
CROSS_SPLIT_SENTENCE_OVERLAP,Three,2,REVIEW,"Identical English target appears in train, val"
CROSS_SPLIT_SENTENCE_OVERLAP,Page 28.,2,REVIEW,"Identical English target appears in test, train"
CROSS_SPLIT_SENTENCE_OVERLAP,Creeper,2,REVIEW,"Identical English target appears in train, val"
CROSS_SPLIT_SENTENCE_OVERLAP,Page 35,2,REVIEW,"Identical English target appears in train, val"
CROSS_SPLIT_SENTENCE_OVERLAP,Amit,2,REVIEW,"Identical English target appears in test, train"
CROSS_SPLIT_SENTENCE_OVERLAP,Page 38,2,REVIEW,"Identical English target appears in test, train"
CROSS_SPLIT_SENTENCE_OVERLAP,Rip Van Winkle,2,REVIEW,"Identical English target appears in train, val"
CROSS_SPLIT_SENTENCE_OVERLAP,7,2,REVIEW,"Identical English target appears in train, val"
CROSS_SPLIT_SENTENCE_OVERLAP,2. Blank,2,REVIEW,"Identical English target appears in test, train"
CROSS_SPLIT_SENTENCE_OVERLAP,blank 4,2,REVIEW,"Identical English target appears in test, train"
CROSS_SPLIT_SENTENCE_OVERLAP,honour,2,REVIEW,"Identical English target appears in test, train"
CROSS_SPLIT_SENTENCE_OVERLAP,dash,3,REVIEW,"Identical English target appears in test, train, val"
CROSS_SPLIT_SENTENCE_OVERLAP,3 blank,2,REVIEW,"Identical English target appears in test, train"
CROSS_SPLIT_SENTENCE_OVERLAP,Help the children trace the letters.,2,REVIEW,"Identical English target appears in test, train"
CROSS_SPLIT_SENTENCE_OVERLAP,To the teacher,2,REVIEW,"Identical English target appears in train, val"
CROSS_SPLIT_SENTENCE_OVERLAP,Page 78,2,REVIEW,"Identical English target appears in test, train"
CROSS_SPLIT_SENTENCE_OVERLAP,Ask the students to stand in a circle and say the poem with actions to match.,2,REVIEW,"Identical English target appears in train, val"
CROSS_SPLIT_SENTENCE_OVERLAP,In the second picture,2,REVIEW,"Identical English target appears in test, train"
CROSS_SPLIT_SENTENCE_OVERLAP,Let's share.,2,REVIEW,"Identical English target appears in train, val"
CROSS_SPLIT_SENTENCE_OVERLAP,How do you feel?,2,REVIEW,"Identical English target appears in test, train"
CROSS_SPLIT_SENTENCE_OVERLAP,Page 6,2,REVIEW,"Identical English target appears in test, train"
CROSS_SPLIT_SENTENCE_OVERLAP,Material required.,2,REVIEW,"Identical English target appears in test, train"
CROSS_SPLIT_SENTENCE_OVERLAP,Riddle time.,2,REVIEW,"Identical English target appears in train, val"
CROSS_SPLIT_SENTENCE_OVERLAP,Page 23,2,REVIEW,"Identical English target appears in train, val"
CROSS_SPLIT_SENTENCE_OVERLAP,Unit 3,2,REVIEW,"Identical English target appears in test, train"
CROSS_SPLIT_SENTENCE_OVERLAP,page 45,2,REVIEW,"Identical English target appears in train, val"
CROSS_SPLIT_SENTENCE_OVERLAP,Say these words aloud.,2,REVIEW,"Identical English target appears in test, train"
CROSS_SPLIT_SENTENCE_OVERLAP,Page 49,2,REVIEW,"Identical English target appears in train, val"
CROSS_SPLIT_SENTENCE_OVERLAP,B dash G,2,REVIEW,"Identical English target appears in test, train"
CROSS_SPLIT_SENTENCE_OVERLAP,Page 53,2,REVIEW,"Identical English target appears in test, train"
CROSS_SPLIT_SENTENCE_OVERLAP,Shop,2,REVIEW,"Identical English target appears in test, train"
CROSS_SPLIT_SENTENCE_OVERLAP,Raising awareness,2,REVIEW,"Identical English target appears in test, train"
CROSS_SPLIT_SENTENCE_OVERLAP,Trace along the dotted lines.,2,REVIEW,"Identical English target appears in train, val"
CROSS_SPLIT_SENTENCE_OVERLAP,Pineapples,2,REVIEW,"Identical English target appears in test, train"
CROSS_SPLIT_SENTENCE_OVERLAP,I do have.,2,REVIEW,"Identical English target appears in test, train"
CROSS_SPLIT_SENTENCE_OVERLAP,and frogs.,2,REVIEW,"Identical English target appears in test, train"
CROSS_SPLIT_SENTENCE_OVERLAP,Fill in the blank.,2,REVIEW,"Identical English target appears in test, train"
CROSS_SPLIT_SENTENCE_OVERLAP,page 34,2,REVIEW,"Identical English target appears in train, val"
CROSS_SPLIT_SENTENCE_OVERLAP,Funny Bunny,2,REVIEW,"Identical English target appears in test, train"
CROSS_SPLIT_SENTENCE_OVERLAP,page 83,2,REVIEW,"Identical English target appears in test, train"
CROSS_SPLIT_SENTENCE_OVERLAP,Picture Story,2,REVIEW,"Identical English target appears in train, val"
CROSS_SPLIT_SENTENCE_OVERLAP,page 18,2,REVIEW,"Identical English target appears in train, val"
CROSS_SPLIT_SENTENCE_OVERLAP,Question number two.,2,REVIEW,"Identical English target appears in test, train"
CROSS_SPLIT_SENTENCE_OVERLAP,Who are you?,2,REVIEW,"Identical English target appears in test, train"
CROSS_SPLIT_SENTENCE_OVERLAP,one,2,REVIEW,"Identical English target appears in train, val"
CROSS_SPLIT_SENTENCE_OVERLAP,Unit 1,2,REVIEW,"Identical English target appears in test, train"
CROSS_SPLIT_SENTENCE_OVERLAP,Reading is fun. One.,2,REVIEW,"Identical English target appears in train, val"
CROSS_SPLIT_SENTENCE_OVERLAP,Talk time.,2,REVIEW,"Identical English target appears in train, val"
CROSS_SPLIT_SENTENCE_OVERLAP,Nina,2,REVIEW,"Identical English target appears in test, train"
CROSS_SPLIT_SENTENCE_OVERLAP,Page 44,2,REVIEW,"Identical English target appears in train, val"
CROSS_SPLIT_SENTENCE_OVERLAP,Page,2,REVIEW,"Identical English target appears in test, train"
CROSS_SPLIT_SENTENCE_OVERLAP,Butterfly,2,REVIEW,"Identical English target appears in train, val"
CROSS_SPLIT_SENTENCE_OVERLAP,page 24.,2,REVIEW,"Identical English target appears in test, train"
CROSS_SPLIT_SENTENCE_OVERLAP,Let's write,3,REVIEW,"Identical English target appears in test, train, val"
CROSS_SPLIT_SENTENCE_OVERLAP,Here are some alphabets given below.,2,REVIEW,"Identical English target appears in test, train"
CROSS_SPLIT_SENTENCE_OVERLAP,Page 70,2,REVIEW,"Identical English target appears in train, val"
CROSS_SPLIT_SENTENCE_OVERLAP,Page 72,2,REVIEW,"Identical English target appears in train, val"
CROSS_SPLIT_SENTENCE_OVERLAP,Page 139,2,REVIEW,"Identical English target appears in test, train"
CROSS_SPLIT_SENTENCE_OVERLAP,Panchantantra stories,2,REVIEW,"Identical English target appears in train, val"
CROSS_SPLIT_SENTENCE_OVERLAP,Page 148,2,REVIEW,"Identical English target appears in test, train"
CROSS_SPLIT_SENTENCE_OVERLAP,Page number,2,REVIEW,"Identical English target appears in train, val"
CROSS_SPLIT_SENTENCE_OVERLAP,Tell your friends.,2,REVIEW,"Identical English target appears in train, val"
CROSS_SPLIT_SENTENCE_OVERLAP,Here you can see some pictures.,2,REVIEW,"Identical English target appears in test, train"
CROSS_SPLIT_SENTENCE_OVERLAP,Page 123,2,REVIEW,"Identical English target appears in test, train"
CROSS_SPLIT_SENTENCE_OVERLAP,music,3,REVIEW,"Identical English target appears in test, train, val"
CROSS_SPLIT_SENTENCE_OVERLAP,Dash!,2,REVIEW,"Identical English target appears in train, val"
CROSS_SPLIT_SENTENCE_OVERLAP,Here is a sentence given below.,2,REVIEW,"Identical English target appears in train, val"
CROSS_SPLIT_SENTENCE_OVERLAP,Unit 9,2,REVIEW,"Identical English target appears in train, val"
CROSS_SPLIT_SENTENCE_OVERLAP,Word Building,3,REVIEW,"Identical English target appears in test, train, val"
CROSS_SPLIT_SENTENCE_OVERLAP,Page 43,2,REVIEW,"Identical English target appears in train, val"
CROSS_SPLIT_SENTENCE_OVERLAP,9,3,REVIEW,"Identical English target appears in test, train, val"
CROSS_SPLIT_SENTENCE_OVERLAP,Page 101,2,REVIEW,"Identical English target appears in test, train"
CROSS_SPLIT_SENTENCE_OVERLAP,Page 103,2,REVIEW,"Identical English target appears in train, val"
CROSS_SPLIT_SENTENCE_OVERLAP,talk,2,REVIEW,"Identical English target appears in test, train"
CROSS_SPLIT_SENTENCE_OVERLAP,the,3,REVIEW,"Identical English target appears in test, train, val"
CROSS_SPLIT_SENTENCE_OVERLAP,23 Dash,2,REVIEW,"Identical English target appears in train, val"
CROSS_SPLIT_SENTENCE_OVERLAP,Character sketch.,2,REVIEW,"Identical English target appears in test, train"
CROSS_SPLIT_SENTENCE_OVERLAP,Space has been provided for your answer.,2,REVIEW,"Identical English target appears in test, train"
CROSS_SPLIT_SENTENCE_OVERLAP,Here is a picture.,2,REVIEW,"Identical English target appears in train, val"
CROSS_SPLIT_SENTENCE_OVERLAP,Page 37,2,REVIEW,"Identical English target appears in test, train"
CROSS_SPLIT_SENTENCE_OVERLAP,Page 31,2,REVIEW,"Identical English target appears in train, val"
CROSS_SPLIT_SENTENCE_OVERLAP,Helen Keller,2,REVIEW,"Identical English target appears in train, val"
CROSS_SPLIT_SENTENCE_OVERLAP,Mounds,2,REVIEW,"Identical English target appears in test, train"
CROSS_SPLIT_SENTENCE_OVERLAP,say aloud,2,REVIEW,"Identical English target appears in test, train"
CROSS_SPLIT_SENTENCE_OVERLAP,Go!,2,REVIEW,"Identical English target appears in train, val"
CROSS_SPLIT_SENTENCE_OVERLAP,Space,2,REVIEW,"Identical English target appears in test, train"
CROSS_SPLIT_SENTENCE_OVERLAP,Teamwork,2,REVIEW,"Identical English target appears in train, val"
CROSS_SPLIT_SENTENCE_OVERLAP,Let's write. 1.,2,REVIEW,"Identical English target appears in test, train"
CROSS_SPLIT_SENTENCE_OVERLAP,One is done for you.,2,REVIEW,"Identical English target appears in train, val"
CROSS_SPLIT_SENTENCE_OVERLAP,Nobody.,2,REVIEW,"Identical English target appears in train, val"
CROSS_SPLIT_SENTENCE_OVERLAP,Why do you say so?,2,REVIEW,"Identical English target appears in test, train"
CROSS_SPLIT_SENTENCE_OVERLAP,Page 105,2,REVIEW,"Identical English target appears in test, train"
CROSS_SPLIT_SENTENCE_OVERLAP,Farm,2,REVIEW,"Identical English target appears in train, val"
CROSS_SPLIT_SENTENCE_OVERLAP,Frog,2,REVIEW,"Identical English target appears in train, val"
CROSS_SPLIT_SENTENCE_OVERLAP,"For example,",2,REVIEW,"Identical English target appears in test, train"
CROSS_SPLIT_SENTENCE_OVERLAP,One has been done for you. One.,3,REVIEW,"Identical English target appears in test, train, val"
CROSS_SPLIT_SENTENCE_OVERLAP,fail,2,REVIEW,"Identical English target appears in test, train"
CROSS_SPLIT_SENTENCE_OVERLAP,matching the color in the box.,2,REVIEW,"Identical English target appears in train, val"
CROSS_SPLIT_SENTENCE_OVERLAP,I have four legs.,2,REVIEW,"Identical English target appears in train, val"
CROSS_SPLIT_SENTENCE_OVERLAP,I am an animal.,2,REVIEW,"Identical English target appears in test, train"
CROSS_SPLIT_SENTENCE_OVERLAP,Listen and repeat.,2,REVIEW,"Identical English target appears in train, val"
CROSS_SPLIT_SENTENCE_OVERLAP,Temple,2,REVIEW,"Identical English target appears in test, train"
CROSS_SPLIT_SENTENCE_OVERLAP,page 11.,2,REVIEW,"Identical English target appears in test, train"
CROSS_SPLIT_SENTENCE_OVERLAP,Grow,2,REVIEW,"Identical English target appears in train, val"
CROSS_SPLIT_SENTENCE_OVERLAP,One.,2,REVIEW,"Identical English target appears in test, train"
CROSS_SPLIT_SENTENCE_OVERLAP,Rug,2,REVIEW,"Identical English target appears in test, train"
CROSS_SPLIT_SENTENCE_OVERLAP,Action Song,2,REVIEW,"Identical English target appears in test, train"
CROSS_SPLIT_SENTENCE_OVERLAP,"and clap, clap, clap.",2,REVIEW,"Identical English target appears in test, train"
CROSS_SPLIT_SENTENCE_OVERLAP,dash 6,2,REVIEW,"Identical English target appears in test, train"
CROSS_SPLIT_SENTENCE_OVERLAP,page 7.,2,REVIEW,"Identical English target appears in train, val"
CROSS_SPLIT_SENTENCE_OVERLAP,to the teacher. Help the children.,2,REVIEW,"Identical English target appears in train, val"
CROSS_SPLIT_SENTENCE_OVERLAP,Let's do.,2,REVIEW,"Identical English target appears in train, val"
CROSS_SPLIT_SENTENCE_OVERLAP,sand,2,REVIEW,"Identical English target appears in test, train"
CROSS_SPLIT_SENTENCE_OVERLAP,Choose the right words.,2,REVIEW,"Identical English target appears in train, val"
CROSS_SPLIT_SENTENCE_OVERLAP,8,2,REVIEW,"Identical English target appears in train, val"
CROSS_SPLIT_SENTENCE_OVERLAP,Page 156,2,REVIEW,"Identical English target appears in train, val"
CROSS_SPLIT_SENTENCE_OVERLAP,Thank you.,3,REVIEW,"Identical English target appears in test, train, val"
CROSS_SPLIT_SENTENCE_OVERLAP,Activity 3,2,REVIEW,"Identical English target appears in train, val"
CROSS_SPLIT_SENTENCE_OVERLAP,the synopsis,2,REVIEW,"Identical English target appears in test, train"
CROSS_SPLIT_SENTENCE_OVERLAP,She has denied healthy food.,2,REVIEW,"Identical English target appears in train, val"
CROSS_SPLIT_SENTENCE_OVERLAP,even though his fee was likely to be high.,2,REVIEW,"Identical English target appears in test, train"
CROSS_SPLIT_SENTENCE_OVERLAP,The doctor came in a few days,2,REVIEW,"Identical English target appears in train, val"
CROSS_SPLIT_SENTENCE_OVERLAP,To the question as to what she should eat,2,REVIEW,"Identical English target appears in test, train"
CROSS_SPLIT_SENTENCE_OVERLAP,Later in the afternoon.,2,REVIEW,"Identical English target appears in train, val"
CROSS_SPLIT_SENTENCE_OVERLAP,"flowers, animals.",2,REVIEW,"Identical English target appears in test, train"
CROSS_SPLIT_SENTENCE_OVERLAP,"Surely, answered the light.",2,REVIEW,"Identical English target appears in test, train"
CROSS_SPLIT_SENTENCE_OVERLAP,Page number 32.,2,REVIEW,"Identical English target appears in train, val"
CROSS_SPLIT_SENTENCE_OVERLAP,"She saw her child too, bathed in sunlight.",2,REVIEW,"Identical English target appears in test, train"
CROSS_SPLIT_SENTENCE_OVERLAP,This chapter is written by Zakir Hussain.,2,REVIEW,"Identical English target appears in train, val"
CROSS_SPLIT_SENTENCE_OVERLAP,What did the physicians ask Saida's mother to do to get well?,2,REVIEW,"Identical English target appears in train, val"
CROSS_SPLIT_SENTENCE_OVERLAP,Who would you recommend to a patient in your neighbourhood?,2,REVIEW,"Identical English target appears in test, train"
CROSS_SPLIT_SENTENCE_OVERLAP,Think of other occasions.,2,REVIEW,"Identical English target appears in train, val"
CROSS_SPLIT_SENTENCE_OVERLAP,page 92.,2,REVIEW,"Identical English target appears in train, val"
CROSS_SPLIT_SENTENCE_OVERLAP,for the teacher.,2,REVIEW,"Identical English target appears in train, val"
CROSS_SPLIT_SENTENCE_OVERLAP,66,2,REVIEW,"Identical English target appears in train, val"
CROSS_SPLIT_SENTENCE_OVERLAP,What is its area?,2,REVIEW,"Identical English target appears in train, val"
CROSS_SPLIT_SENTENCE_OVERLAP,Figure 7.19,2,REVIEW,"Identical English target appears in test, train"
CROSS_SPLIT_SENTENCE_OVERLAP,Are the sepals joined or separate?,2,REVIEW,"Identical English target appears in train, val"
CROSS_SPLIT_SENTENCE_OVERLAP,Answer the following questions.,2,REVIEW,"Identical English target appears in train, val"
CROSS_SPLIT_SENTENCE_OVERLAP,Practice Time.,2,REVIEW,"Identical English target appears in test, train"
CROSS_SPLIT_SENTENCE_OVERLAP,rotating in a particular way.,2,REVIEW,"Identical English target appears in test, train"
CROSS_SPLIT_SENTENCE_OVERLAP,Page Number 98,2,REVIEW,"Identical English target appears in train, val"
CROSS_SPLIT_SENTENCE_OVERLAP,about 2000 years ago.,2,REVIEW,"Identical English target appears in train, val"
CROSS_SPLIT_SENTENCE_OVERLAP,Keywords,2,REVIEW,"Identical English target appears in test, train"
CROSS_SPLIT_SENTENCE_OVERLAP,Some important dates.,2,REVIEW,"Identical English target appears in train, val"
CROSS_SPLIT_SENTENCE_OVERLAP,Activity 1,3,REVIEW,"Identical English target appears in test, train, val"
CROSS_SPLIT_SENTENCE_OVERLAP,Activity 2,2,REVIEW,"Identical English target appears in train, val"
CROSS_SPLIT_SENTENCE_OVERLAP,Iron,2,REVIEW,"Identical English target appears in test, train"
CROSS_SPLIT_SENTENCE_OVERLAP,You,3,REVIEW,"Identical English target appears in test, train, val"
CROSS_SPLIT_SENTENCE_OVERLAP,Complete this table according to your observation.,2,REVIEW,"Identical English target appears in train, val"
CROSS_SPLIT_SENTENCE_OVERLAP,Activity 4,2,REVIEW,"Identical English target appears in train, val"
CROSS_SPLIT_SENTENCE_OVERLAP,.,2,REVIEW,"Identical English target appears in test, train"
CROSS_SPLIT_SENTENCE_OVERLAP,dash millimeters.,2,REVIEW,"Identical English target appears in train, val"
CROSS_SPLIT_SENTENCE_OVERLAP,Part B.,2,REVIEW,"Identical English target appears in test, train"
CROSS_SPLIT_SENTENCE_OVERLAP,Have you seen any notes or coins used in any other country?,2,REVIEW,"Identical English target appears in test, train"
CROSS_SPLIT_SENTENCE_OVERLAP,Dollar,2,REVIEW,"Identical English target appears in train, val"
CROSS_SPLIT_SENTENCE_OVERLAP,58.3,2,REVIEW,"Identical English target appears in train, val"
CROSS_SPLIT_SENTENCE_OVERLAP,for the teacher,2,REVIEW,"Identical English target appears in train, val"
CROSS_SPLIT_SENTENCE_OVERLAP,"Gets, 2000 Sri Lankan Rupees.",2,REVIEW,"Identical English target appears in test, train"
CROSS_SPLIT_SENTENCE_OVERLAP,How many yuan can she change for Rupees 4?,2,REVIEW,"Identical English target appears in train, val"
CROSS_SPLIT_SENTENCE_OVERLAP,for rupees 400,2,REVIEW,"Identical English target appears in train, val"
CROSS_SPLIT_SENTENCE_OVERLAP,wishing you a great journey.,2,REVIEW,"Identical English target appears in test, train"
CROSS_SPLIT_SENTENCE_OVERLAP,Question number one.,2,REVIEW,"Identical English target appears in test, train"
CROSS_SPLIT_SENTENCE_OVERLAP,Working with language.,3,REVIEW,"Identical English target appears in test, train, val"
CROSS_SPLIT_SENTENCE_OVERLAP,Lesson 9,2,REVIEW,"Identical English target appears in test, train"
CROSS_SPLIT_SENTENCE_OVERLAP,water,2,REVIEW,"Identical English target appears in test, train"
CROSS_SPLIT_SENTENCE_OVERLAP,Give reasons for your answer.,2,REVIEW,"Identical English target appears in train, val"
CROSS_SPLIT_SENTENCE_OVERLAP,The king decided to meet him in disguise. Now the story,2,REVIEW,"Identical English target appears in test, train"
CROSS_SPLIT_SENTENCE_OVERLAP,in a village in Iran.,2,REVIEW,"Identical English target appears in train, val"
CROSS_SPLIT_SENTENCE_OVERLAP,He did not have even a small cottage of his own.,2,REVIEW,"Identical English target appears in train, val"
CROSS_SPLIT_SENTENCE_OVERLAP,Soon he became famous for his wisdom and friendly nature.,2,REVIEW,"Identical English target appears in train, val"
CROSS_SPLIT_SENTENCE_OVERLAP,I have a long way to go.,2,REVIEW,"Identical English target appears in train, val"
CROSS_SPLIT_SENTENCE_OVERLAP,the added and iron chest.,2,REVIEW,"Identical English target appears in test, train"
CROSS_SPLIT_SENTENCE_OVERLAP,but how great was their astonishment and even of the king himself when the chest was opened.,2,REVIEW,"Identical English target appears in train, val"
CROSS_SPLIT_SENTENCE_OVERLAP,Surely you are the governor of a district.,2,REVIEW,"Identical English target appears in train, val"
CROSS_SPLIT_SENTENCE_OVERLAP,This story has been taken from an Iranian folk tale.,2,REVIEW,"Identical English target appears in train, val"
CROSS_SPLIT_SENTENCE_OVERLAP,20,2,REVIEW,"Identical English target appears in test, train"
CROSS_SPLIT_SENTENCE_OVERLAP,page 88,2,REVIEW,"Identical English target appears in test, train"
CROSS_SPLIT_SENTENCE_OVERLAP,Do you like the area you live in?,2,REVIEW,"Identical English target appears in test, train"
CROSS_SPLIT_SENTENCE_OVERLAP,Activity 5,3,REVIEW,"Identical English target appears in test, train, val"
CROSS_SPLIT_SENTENCE_OVERLAP,Activity 7,2,REVIEW,"Identical English target appears in test, train"
CROSS_SPLIT_SENTENCE_OVERLAP,Summary,2,REVIEW,"Identical English target appears in train, val"
CROSS_SPLIT_SENTENCE_OVERLAP,snail,2,REVIEW,"Identical English target appears in test, train"
CROSS_SPLIT_SENTENCE_OVERLAP,He imitated the calls of birds and animals perfectly.,2,REVIEW,"Identical English target appears in train, val"
CROSS_SPLIT_SENTENCE_OVERLAP,He hid behind a tree and roared like a tiger.,2,REVIEW,"Identical English target appears in train, val"
CROSS_SPLIT_SENTENCE_OVERLAP,"Tansen had, by this time, become very famous.",2,REVIEW,"Identical English target appears in train, val"
CROSS_SPLIT_SENTENCE_OVERLAP,Akbar would call upon Tansen to sing at any time during the day or night.,2,REVIEW,"Identical English target appears in test, train"
CROSS_SPLIT_SENTENCE_OVERLAP,and we will be rid of him.,2,REVIEW,"Identical English target appears in test, train"
CROSS_SPLIT_SENTENCE_OVERLAP,"When Tansen got well, the entire city rejoiced.",2,REVIEW,"Identical English target appears in test, train"
CROSS_SPLIT_SENTENCE_OVERLAP,Tansen remained Akbar's court singer till 1585 when he died.,2,REVIEW,"Identical English target appears in test, train"
CROSS_SPLIT_SENTENCE_OVERLAP,Now the questions.,2,REVIEW,"Identical English target appears in train, val"
CROSS_SPLIT_SENTENCE_OVERLAP,Question number three.,2,REVIEW,"Identical English target appears in test, train"
CROSS_SPLIT_SENTENCE_OVERLAP,Question number four.,2,REVIEW,"Identical English target appears in test, train"
CROSS_SPLIT_SENTENCE_OVERLAP,Question number five.,2,REVIEW,"Identical English target appears in train, val"
CROSS_SPLIT_SENTENCE_OVERLAP,Question number six.,2,REVIEW,"Identical English target appears in test, train"
CROSS_SPLIT_SENTENCE_OVERLAP,Why did Tansen agree to sing Raga Deepak?,2,REVIEW,"Identical English target appears in train, val"
CROSS_SPLIT_SENTENCE_OVERLAP,Elsewhere,2,REVIEW,"Identical English target appears in test, train"
CROSS_SPLIT_SENTENCE_OVERLAP,"more than 2,300 years ago.",2,REVIEW,"Identical English target appears in train, val"
CROSS_SPLIT_SENTENCE_OVERLAP,Listen to.,2,REVIEW,"Identical English target appears in test, train"
CROSS_SPLIT_SENTENCE_OVERLAP,"A farmer, his wife and their small child lived in a village.",2,REVIEW,"Identical English target appears in train, val"
CROSS_SPLIT_SENTENCE_OVERLAP,Once a farmer and his wife lived in a village with their small son.,2,REVIEW,"Identical English target appears in test, train"
CROSS_SPLIT_SENTENCE_OVERLAP,They loved him very much. We must have a pet.,2,REVIEW,"Identical English target appears in test, train"
CROSS_SPLIT_SENTENCE_OVERLAP,One day the farmer's wife wanted to go to the market.,2,REVIEW,"Identical English target appears in test, train"
CROSS_SPLIT_SENTENCE_OVERLAP,She was blind with rage and with all her strength brought down the heavy basket full of groceries.,2,REVIEW,"Identical English target appears in test, train"
CROSS_SPLIT_SENTENCE_OVERLAP,Let us find out.,2,REVIEW,"Identical English target appears in train, val"
CROSS_SPLIT_SENTENCE_OVERLAP,Question number 4,2,REVIEW,"Identical English target appears in train, val"
CROSS_SPLIT_SENTENCE_OVERLAP,in your own language.,2,REVIEW,"Identical English target appears in train, val"
CROSS_SPLIT_SENTENCE_OVERLAP,Working with the poem.,2,REVIEW,"Identical English target appears in test, train"
CROSS_SPLIT_SENTENCE_OVERLAP,Does it have six sides?,2,REVIEW,"Identical English target appears in train, val"
CROSS_SPLIT_SENTENCE_OVERLAP,sedimentation,2,REVIEW,"Identical English target appears in test, train"
CROSS_SPLIT_SENTENCE_OVERLAP,What will you call this process?,2,REVIEW,"Identical English target appears in train, val"
CROSS_SPLIT_SENTENCE_OVERLAP,The synopsis of the first part is,2,REVIEW,"Identical English target appears in train, val"
CROSS_SPLIT_SENTENCE_OVERLAP,Day and Night,2,REVIEW,"Identical English target appears in train, val"
CROSS_SPLIT_SENTENCE_OVERLAP,and kill the bird.,2,REVIEW,"Identical English target appears in train, val"
CROSS_SPLIT_SENTENCE_OVERLAP,Rest for a while.,2,REVIEW,"Identical English target appears in test, train"
CROSS_SPLIT_SENTENCE_OVERLAP,Now come inside and rest. I'll tell you more about this place and these birds.,2,REVIEW,"Identical English target appears in train, val"
CROSS_SPLIT_SENTENCE_OVERLAP,Where did each of them find a home?,2,REVIEW,"Identical English target appears in test, train"
CROSS_SPLIT_SENTENCE_OVERLAP,Page 118,2,REVIEW,"Identical English target appears in test, train"
CROSS_SPLIT_SENTENCE_OVERLAP,Conductors,2,REVIEW,"Identical English target appears in test, train"
CROSS_SPLIT_SENTENCE_OVERLAP,3001 years ago.,2,REVIEW,"Identical English target appears in test, train"
CROSS_SPLIT_SENTENCE_OVERLAP,A horse was let loose to wander freely.,2,REVIEW,"Identical English target appears in test, train"
CROSS_SPLIT_SENTENCE_OVERLAP,"He often had a special seat, a throne.",2,REVIEW,"Identical English target appears in train, val"
CROSS_SPLIT_SENTENCE_OVERLAP,herders,2,REVIEW,"Identical English target appears in test, train"
CROSS_SPLIT_SENTENCE_OVERLAP,Craft Persons,2,REVIEW,"Identical English target appears in train, val"
CROSS_SPLIT_SENTENCE_OVERLAP,one would automatically become a Brahmin.,2,REVIEW,"Identical English target appears in test, train"
CROSS_SPLIT_SENTENCE_OVERLAP,page 49.,3,REVIEW,"Identical English target appears in test, train, val"
CROSS_SPLIT_SENTENCE_OVERLAP,Uttar Pradesh,2,REVIEW,"Identical English target appears in test, train"
CROSS_SPLIT_SENTENCE_OVERLAP,Plates and bowls are the most common vessels made out of painted greyware.,2,REVIEW,"Identical English target appears in test, train"
CROSS_SPLIT_SENTENCE_OVERLAP,Some of these were grey in colour. Others were red.,2,REVIEW,"Identical English target appears in train, val"
CROSS_SPLIT_SENTENCE_OVERLAP,Most Mahajanpadas had a capital city.,2,REVIEW,"Identical English target appears in test, train"
CROSS_SPLIT_SENTENCE_OVERLAP,living inside the fortified area.,2,REVIEW,"Identical English target appears in train, val"
CROSS_SPLIT_SENTENCE_OVERLAP,A part of it was probably built about 2500 years ago.,2,REVIEW,"Identical English target appears in train, val"
CROSS_SPLIT_SENTENCE_OVERLAP,and the needed officials to collect these. So?,2,REVIEW,"Identical English target appears in train, val"
CROSS_SPLIT_SENTENCE_OVERLAP,These could have been in the form of labour.,2,REVIEW,"Identical English target appears in test, train"
CROSS_SPLIT_SENTENCE_OVERLAP,and hunters and gatherers also had to provide forest produce.,2,REVIEW,"Identical English target appears in train, val"
CROSS_SPLIT_SENTENCE_OVERLAP,Who they believed would be their son's companion and friend in future.,2,REVIEW,"Identical English target appears in train, val"
CROSS_SPLIT_SENTENCE_OVERLAP,"The farmer said to his wife one day,",2,REVIEW,"Identical English target appears in train, val"
CROSS_SPLIT_SENTENCE_OVERLAP,Question number one,2,REVIEW,"Identical English target appears in test, train"
CROSS_SPLIT_SENTENCE_OVERLAP,"Do you have a pet, a cat or a dog?",2,REVIEW,"Identical English target appears in test, train"
CROSS_SPLIT_SENTENCE_OVERLAP,"If not, would you like one?",2,REVIEW,"Identical English target appears in train, val"
CROSS_SPLIT_SENTENCE_OVERLAP,Adventure,2,REVIEW,"Identical English target appears in test, train"
CROSS_SPLIT_SENTENCE_OVERLAP,Let's recall.,2,REVIEW,"Identical English target appears in test, train"
CROSS_SPLIT_SENTENCE_OVERLAP,Let's do 7.,2,REVIEW,"Identical English target appears in test, train"
CROSS_SPLIT_SENTENCE_OVERLAP,2501 years ago.,2,REVIEW,"Identical English target appears in test, train"
CROSS_SPLIT_SENTENCE_OVERLAP,Once he tried to frighten a group of travelers by roaring like a tiger.,2,REVIEW,"Identical English target appears in train, val"
CROSS_SPLIT_SENTENCE_OVERLAP,page number 16 a famous singer,2,REVIEW,"Identical English target appears in train, val"
CROSS_SPLIT_SENTENCE_OVERLAP,named Swami Haridas.,2,REVIEW,"Identical English target appears in test, train"
CROSS_SPLIT_SENTENCE_OVERLAP,"Suddenly, one of his men...",2,REVIEW,"Identical English target appears in test, train"
CROSS_SPLIT_SENTENCE_OVERLAP,He married Hussaini.,2,REVIEW,"Identical English target appears in test, train"
CROSS_SPLIT_SENTENCE_OVERLAP,Now the next part of the story.,2,REVIEW,"Identical English target appears in train, val"
CROSS_SPLIT_SENTENCE_OVERLAP,Her name was Hussaini.,2,REVIEW,"Identical English target appears in train, val"
CROSS_SPLIT_SENTENCE_OVERLAP,page number 17,2,REVIEW,"Identical English target appears in train, val"
CROSS_SPLIT_SENTENCE_OVERLAP,burning and then you start singing.,2,REVIEW,"Identical English target appears in train, val"
CROSS_SPLIT_SENTENCE_OVERLAP,"When he began to sing, the air became warm.",2,REVIEW,"Identical English target appears in train, val"
CROSS_SPLIT_SENTENCE_OVERLAP,The leaves on the trees dried up and fell to the ground.,2,REVIEW,"Identical English target appears in train, val"
CROSS_SPLIT_SENTENCE_OVERLAP,He composed several new ragas.,2,REVIEW,"Identical English target appears in train, val"
CROSS_SPLIT_SENTENCE_OVERLAP,What did the other courtiers feel about Tansen?,2,REVIEW,"Identical English target appears in test, train"
CROSS_SPLIT_SENTENCE_OVERLAP,Do you like classical music?,2,REVIEW,"Identical English target appears in test, train"
CROSS_SPLIT_SENTENCE_OVERLAP,Class 6,2,REVIEW,"Identical English target appears in train, val"
CROSS_SPLIT_SENTENCE_OVERLAP,"Entitled, Science 2",2,REVIEW,"Identical English target appears in test, train"
CROSS_SPLIT_SENTENCE_OVERLAP,Are you able to do it?,2,REVIEW,"Identical English target appears in train, val"
CROSS_SPLIT_SENTENCE_OVERLAP,Figure 8.2,2,REVIEW,"Identical English target appears in train, val"
CROSS_SPLIT_SENTENCE_OVERLAP,Do you think?,2,REVIEW,"Identical English target appears in train, val"
CROSS_SPLIT_SENTENCE_OVERLAP,"As vijay singh stepped into the haunted desert, he heard a voice. vijay singh",2,REVIEW,"Identical English target appears in train, val"
CROSS_SPLIT_SENTENCE_OVERLAP,20 cost,2,REVIEW,"Identical English target appears in train, val"
CROSS_SPLIT_SENTENCE_OVERLAP,Practice time.,2,REVIEW,"Identical English target appears in train, val"
CROSS_SPLIT_SENTENCE_OVERLAP,discuss.,2,REVIEW,"Identical English target appears in test, train"
CROSS_SPLIT_SENTENCE_OVERLAP,Look at the following shapes.,2,REVIEW,"Identical English target appears in train, val"
CROSS_SPLIT_SENTENCE_OVERLAP,cows,2,REVIEW,"Identical English target appears in test, train"
CROSS_SPLIT_SENTENCE_OVERLAP,car,2,REVIEW,"Identical English target appears in train, val"
CROSS_SPLIT_SENTENCE_OVERLAP,Activity 6,2,REVIEW,"Identical English target appears in test, train"
CROSS_SPLIT_SENTENCE_OVERLAP,Rose,2,REVIEW,"Identical English target appears in test, train"
CROSS_SPLIT_SENTENCE_OVERLAP,Hey.,2,REVIEW,"Identical English target appears in test, train"
CROSS_SPLIT_SENTENCE_OVERLAP,There are three columns.,2,REVIEW,"Identical English target appears in train, val"
CROSS_SPLIT_SENTENCE_OVERLAP,Figure 1.3,2,REVIEW,"Identical English target appears in test, train"
CROSS_SPLIT_SENTENCE_OVERLAP,Bringer,2,REVIEW,"Identical English target appears in train, val"
CROSS_SPLIT_SENTENCE_OVERLAP,There are two columns.,2,REVIEW,"Identical English target appears in train, val"
CROSS_SPLIT_SENTENCE_OVERLAP,herbivore,2,REVIEW,"Identical English target appears in train, val"
CROSS_SPLIT_SENTENCE_OVERLAP,root,2,REVIEW,"Identical English target appears in train, val"
CROSS_SPLIT_SENTENCE_OVERLAP,Figure 7.1,2,REVIEW,"Identical English target appears in test, train"
CROSS_SPLIT_SENTENCE_OVERLAP,herbs,2,REVIEW,"Identical English target appears in test, train"
CROSS_SPLIT_SENTENCE_OVERLAP,Shubs,2,REVIEW,"Identical English target appears in test, train"
CROSS_SPLIT_SENTENCE_OVERLAP,Page 56,2,REVIEW,"Identical English target appears in train, val"
CROSS_SPLIT_SENTENCE_OVERLAP,Ways to multiply and divide.,3,REVIEW,"Identical English target appears in test, train, val"
CROSS_SPLIT_SENTENCE_OVERLAP,Take the one question which matches with the given problem.,2,REVIEW,"Identical English target appears in test, train"
CROSS_SPLIT_SENTENCE_OVERLAP,Do this activity during daytime on a sunny day.,2,REVIEW,"Identical English target appears in test, train"
CROSS_SPLIT_SENTENCE_OVERLAP,and close a leafy branch of the plant.,2,REVIEW,"Identical English target appears in test, train"
CROSS_SPLIT_SENTENCE_OVERLAP,Water comes out of leaves.,2,REVIEW,"Identical English target appears in test, train"
CROSS_SPLIT_SENTENCE_OVERLAP,In Chapter 5 we noticed water changing into different forms in some of our activities.,2,REVIEW,"Identical English target appears in test, train"
CROSS_SPLIT_SENTENCE_OVERLAP,"For this, they also use water.",2,REVIEW,"Identical English target appears in train, val"
CROSS_SPLIT_SENTENCE_OVERLAP,that is where the roots come in.,2,REVIEW,"Identical English target appears in train, val"
CROSS_SPLIT_SENTENCE_OVERLAP,which part of the plant is in the soil.,2,REVIEW,"Identical English target appears in train, val"
CROSS_SPLIT_SENTENCE_OVERLAP,Select two plants of the same kind.,2,REVIEW,"Identical English target appears in train, val"
CROSS_SPLIT_SENTENCE_OVERLAP,Cut off the roots from the other plant.,2,REVIEW,"Identical English target appears in test, train"
CROSS_SPLIT_SENTENCE_OVERLAP,Water them regularly.,2,REVIEW,"Identical English target appears in train, val"
CROSS_SPLIT_SENTENCE_OVERLAP,Both the plants are watered regularly.,2,REVIEW,"Identical English target appears in test, train"
CROSS_SPLIT_SENTENCE_OVERLAP,Let us do an activity to study another function of root.,2,REVIEW,"Identical English target appears in test, train"
CROSS_SPLIT_SENTENCE_OVERLAP,We dug them out.,2,REVIEW,"Identical English target appears in test, train"
CROSS_SPLIT_SENTENCE_OVERLAP,Roots help in holding the plant.,2,REVIEW,"Identical English target appears in test, train"
CROSS_SPLIT_SENTENCE_OVERLAP,Is it?,2,REVIEW,"Identical English target appears in test, train"
CROSS_SPLIT_SENTENCE_OVERLAP,Are there also other types of fruits?,2,REVIEW,"Identical English target appears in test, train"
CROSS_SPLIT_SENTENCE_OVERLAP,are related in a very interesting way.,2,REVIEW,"Identical English target appears in test, train"
CROSS_SPLIT_SENTENCE_OVERLAP,that roots absorb water.,2,REVIEW,"Identical English target appears in train, val"
CROSS_SPLIT_SENTENCE_OVERLAP,cold,2,REVIEW,"Identical English target appears in test, train"
CROSS_SPLIT_SENTENCE_OVERLAP,Try yourself.,2,REVIEW,"Identical English target appears in train, val"
CROSS_SPLIT_SENTENCE_OVERLAP,old,2,REVIEW,"Identical English target appears in test, train"
CROSS_SPLIT_SENTENCE_OVERLAP,Chapter 13,2,REVIEW,"Identical English target appears in train, val"
CROSS_SPLIT_SENTENCE_OVERLAP,We have a table with two columns.,2,REVIEW,"Identical English target appears in test, train"
CROSS_SPLIT_SENTENCE_OVERLAP,Page 93,2,REVIEW,"Identical English target appears in test, train"
CROSS_SPLIT_SENTENCE_OVERLAP,MUSIC,2,REVIEW,"Identical English target appears in test, train"
CROSS_SPLIT_SENTENCE_OVERLAP,dash centimeters.,2,REVIEW,"Identical English target appears in test, train"
CROSS_SPLIT_SENTENCE_OVERLAP,Page 46.,2,REVIEW,"Identical English target appears in test, train"
CROSS_SPLIT_SENTENCE_OVERLAP,to the right side of the page we see.,2,REVIEW,"Identical English target appears in test, train"
CROSS_SPLIT_SENTENCE_OVERLAP,sunshine and fresh air.,2,REVIEW,"Identical English target appears in test, train"
CROSS_SPLIT_SENTENCE_OVERLAP,Forget the consequences she said at last.,2,REVIEW,"Identical English target appears in test, train"
CROSS_SPLIT_SENTENCE_OVERLAP,Move my bed into the next room and let me sit in the sun on my charpoi for an hour daily. Now the sy,2,REVIEW,"Identical English target appears in test, train"
CROSS_SPLIT_SENTENCE_OVERLAP,Dearest Sister,2,REVIEW,"Identical English target appears in test, train"
CROSS_SPLIT_SENTENCE_OVERLAP,Page number 31.,2,REVIEW,"Identical English target appears in test, train"
CROSS_SPLIT_SENTENCE_OVERLAP,"He said, mind your clothes, though the clouds are mucky.",2,REVIEW,"Identical English target appears in train, val"
CROSS_SPLIT_SENTENCE_OVERLAP,reclining against bolsters. It had been months since she had felt the sun on her hands and face.,2,REVIEW,"Identical English target appears in train, val"
CROSS_SPLIT_SENTENCE_OVERLAP,and breathed in fresh air. She thought.,2,REVIEW,"Identical English target appears in train, val"
CROSS_SPLIT_SENTENCE_OVERLAP,and kissed her.,2,REVIEW,"Identical English target appears in test, train"
CROSS_SPLIT_SENTENCE_OVERLAP,When would you make a pact with the Sun?,2,REVIEW,"Identical English target appears in train, val"
CROSS_SPLIT_SENTENCE_OVERLAP,How many Indian rupees we can get?,2,REVIEW,"Identical English target appears in train, val"
CROSS_SPLIT_SENTENCE_OVERLAP,0.63,2,REVIEW,"Identical English target appears in test, train"
CROSS_SPLIT_SENTENCE_OVERLAP,The money of which country will cost the most in Indian rupees? B,2,REVIEW,"Identical English target appears in test, train"
CROSS_SPLIT_SENTENCE_OVERLAP,How much money was left with him?,2,REVIEW,"Identical English target appears in test, train"
CROSS_SPLIT_SENTENCE_OVERLAP,It cost 30 yuan.,2,REVIEW,"Identical English target appears in train, val"
CROSS_SPLIT_SENTENCE_OVERLAP,Find what it costs in Indian rupees.,2,REVIEW,"Identical English target appears in test, train"
CROSS_SPLIT_SENTENCE_OVERLAP,The shopkeeper forgot to put the point correctly in the prices.,2,REVIEW,"Identical English target appears in test, train"
CROSS_SPLIT_SENTENCE_OVERLAP,One is a man from Himachal Pradesh.,2,REVIEW,"Identical English target appears in test, train"
CROSS_SPLIT_SENTENCE_OVERLAP,one has to walk kilometers to get water.,2,REVIEW,"Identical English target appears in train, val"
CROSS_SPLIT_SENTENCE_OVERLAP,They will also get familiar with the names of different capital cities.,2,REVIEW,"Identical English target appears in test, train"
CROSS_SPLIT_SENTENCE_OVERLAP,page 82.,2,REVIEW,"Identical English target appears in test, train"
CROSS_SPLIT_SENTENCE_OVERLAP,One,2,REVIEW,"Identical English target appears in test, train"
CROSS_SPLIT_SENTENCE_OVERLAP,But only words can free a thought.,2,REVIEW,"Identical English target appears in train, val"
CROSS_SPLIT_SENTENCE_OVERLAP,and an early republic.,2,REVIEW,"Identical English target appears in train, val"
CROSS_SPLIT_SENTENCE_OVERLAP,and it was guarded by the Rajas men.,2,REVIEW,"Identical English target appears in train, val"
CROSS_SPLIT_SENTENCE_OVERLAP,"Some people, such as those,",2,REVIEW,"Identical English target appears in test, train"
CROSS_SPLIT_SENTENCE_OVERLAP,at this time.,2,REVIEW,"Identical English target appears in train, val"
CROSS_SPLIT_SENTENCE_OVERLAP,sesame and mustard,2,REVIEW,"Identical English target appears in train, val"
CROSS_SPLIT_SENTENCE_OVERLAP,There were two major changes in agriculture around this time.,2,REVIEW,"Identical English target appears in train, val"
CROSS_SPLIT_SENTENCE_OVERLAP,Magadhar became the most important Mahajanpada in about...,2,REVIEW,"Identical English target appears in train, val"
CROSS_SPLIT_SENTENCE_OVERLAP,which lived in the forest could be captured.,2,REVIEW,"Identical English target appears in train, val"
CROSS_SPLIT_SENTENCE_OVERLAP,Raja.,2,REVIEW,"Identical English target appears in test, train"
CROSS_SPLIT_SENTENCE_OVERLAP,Ashwamedha,2,REVIEW,"Identical English target appears in test, train"
CROSS_SPLIT_SENTENCE_OVERLAP,who were the groups who could not participate in the assemblies.,2,REVIEW,"Identical English target appears in train, val"
CROSS_SPLIT_SENTENCE_OVERLAP,composition of the Dhigha Nikaya.,2,REVIEW,"Identical English target appears in test, train"
CROSS_SPLIT_SENTENCE_OVERLAP,Harishena,2,REVIEW,"Identical English target appears in train, val"
CROSS_SPLIT_SENTENCE_OVERLAP,for the first part of this story.,2,REVIEW,"Identical English target appears in test, train"
CROSS_SPLIT_SENTENCE_OVERLAP,for paying me the compliment of a visit.,2,REVIEW,"Identical English target appears in train, val"
CROSS_SPLIT_SENTENCE_OVERLAP,The king was astonished as well as pleased.,2,REVIEW,"Identical English target appears in test, train"
CROSS_SPLIT_SENTENCE_OVERLAP,"One thing was certain, the king discovered. The new governor did carry an iron chest with him all th",2,REVIEW,"Identical English target appears in test, train"
CROSS_SPLIT_SENTENCE_OVERLAP,Now the king was angry. He thundered.,2,REVIEW,"Identical English target appears in test, train"
CROSS_SPLIT_SENTENCE_OVERLAP,and thread.,2,REVIEW,"Identical English target appears in train, val"
CROSS_SPLIT_SENTENCE_OVERLAP,Why do we tie a cover around the leaves?,2,REVIEW,"Identical English target appears in test, train"
CROSS_SPLIT_SENTENCE_OVERLAP,What makes the water appear on the polythene bag?,2,REVIEW,"Identical English target appears in test, train"
CROSS_SPLIT_SENTENCE_OVERLAP,Leaves also have another function. Let us study this.,2,REVIEW,"Identical English target appears in train, val"
CROSS_SPLIT_SENTENCE_OVERLAP,Figure 7.12,2,REVIEW,"Identical English target appears in train, val"
CROSS_SPLIT_SENTENCE_OVERLAP,Spirit,2,REVIEW,"Identical English target appears in test, train"
CROSS_SPLIT_SENTENCE_OVERLAP,test tube,2,REVIEW,"Identical English target appears in test, train"
CROSS_SPLIT_SENTENCE_OVERLAP,to completely immerse the leaf.,2,REVIEW,"Identical English target appears in test, train"
CROSS_SPLIT_SENTENCE_OVERLAP,Since the activity involves...,2,REVIEW,"Identical English target appears in train, val"
CROSS_SPLIT_SENTENCE_OVERLAP,and pour some iodine solution over it.,2,REVIEW,"Identical English target appears in train, val"
CROSS_SPLIT_SENTENCE_OVERLAP,Does this mean that the leaf has...,2,REVIEW,"Identical English target appears in train, val"
CROSS_SPLIT_SENTENCE_OVERLAP,A slice of raw potato also shows the presence of starch.,2,REVIEW,"Identical English target appears in test, train"
CROSS_SPLIT_SENTENCE_OVERLAP,and carbon dioxide.,2,REVIEW,"Identical English target appears in train, val"
CROSS_SPLIT_SENTENCE_OVERLAP,This process is called photosynthesis. This process is called photosynthesis.,2,REVIEW,"Identical English target appears in test, train"
CROSS_SPLIT_SENTENCE_OVERLAP,Get stored in different parts of plant.,2,REVIEW,"Identical English target appears in test, train"
CROSS_SPLIT_SENTENCE_OVERLAP,The leaf uses the water to make food.,2,REVIEW,"Identical English target appears in train, val"
CROSS_SPLIT_SENTENCE_OVERLAP,as shown in figure 7.14b.,2,REVIEW,"Identical English target appears in test, train"
CROSS_SPLIT_SENTENCE_OVERLAP,"But one is without roots, isn't it?",2,REVIEW,"Identical English target appears in test, train"
CROSS_SPLIT_SENTENCE_OVERLAP,Activity 8,2,REVIEW,"Identical English target appears in test, train"
CROSS_SPLIT_SENTENCE_OVERLAP,Keep the cotton wet by sprinkling water every day.,2,REVIEW,"Identical English target appears in train, val"
CROSS_SPLIT_SENTENCE_OVERLAP,You have pulled out from the cotton in the previous activity.,2,REVIEW,"Identical English target appears in train, val"
CROSS_SPLIT_SENTENCE_OVERLAP,Do they look like the roots shown in figure 7.168?,2,REVIEW,"Identical English target appears in train, val"
CROSS_SPLIT_SENTENCE_OVERLAP,"For roots of the kind shown in figure 7.17a,",2,REVIEW,"Identical English target appears in train, val"
CROSS_SPLIT_SENTENCE_OVERLAP,The main route is called,2,REVIEW,"Identical English target appears in test, train"
CROSS_SPLIT_SENTENCE_OVERLAP,We have learnt.,2,REVIEW,"Identical English target appears in test, train"
CROSS_SPLIT_SENTENCE_OVERLAP,We eat some of these as roots. Like at it.,2,REVIEW,"Identical English target appears in test, train"
CROSS_SPLIT_SENTENCE_OVERLAP,and that which comes down.,2,REVIEW,"Identical English target appears in train, val"
CROSS_SPLIT_SENTENCE_OVERLAP,filtration,2,REVIEW,"Identical English target appears in test, train"
CROSS_SPLIT_SENTENCE_OVERLAP,sieving,2,REVIEW,"Identical English target appears in test, train"
CROSS_SPLIT_SENTENCE_OVERLAP,blank D,2,REVIEW,"Identical English target appears in test, train"
CROSS_SPLIT_SENTENCE_OVERLAP,1 by 2,2,REVIEW,"Identical English target appears in test, train"
CROSS_SPLIT_SENTENCE_OVERLAP,Page 61.,2,REVIEW,"Identical English target appears in test, train"
CROSS_SPLIT_SENTENCE_OVERLAP,is equal to dash,2,REVIEW,"Identical English target appears in train, val"
CROSS_SPLIT_SENTENCE_OVERLAP,coastal and mountain regions.,2,REVIEW,"Identical English target appears in train, val"
CROSS_SPLIT_SENTENCE_OVERLAP,This led to increased production.,2,REVIEW,"Identical English target appears in test, train"
CROSS_SPLIT_SENTENCE_OVERLAP,"as many more plants survived. However,",2,REVIEW,"Identical English target appears in train, val"
CROSS_SPLIT_SENTENCE_OVERLAP,and trained for the army.,2,REVIEW,"Identical English target appears in test, train"
CROSS_SPLIT_SENTENCE_OVERLAP,page number 54.,2,REVIEW,"Identical English target appears in train, val"
CROSS_SPLIT_SENTENCE_OVERLAP,wanted to attack the Virgis. He sent his minister named...,2,REVIEW,"Identical English target appears in train, val"
CROSS_SPLIT_SENTENCE_OVERLAP,keywords,2,REVIEW,"Identical English target appears in test, train"
CROSS_SPLIT_SENTENCE_OVERLAP,archaeologists have found palaces in the settlements of the Jhanpadhas.,2,REVIEW,"Identical English target appears in test, train"
CROSS_SPLIT_SENTENCE_OVERLAP,Let's discuss,2,REVIEW,"Identical English target appears in train, val"
CROSS_SPLIT_SENTENCE_OVERLAP,"The other landed outside a Rishis ashram, a little distance away.",2,REVIEW,"Identical English target appears in train, val"
CROSS_SPLIT_SENTENCE_OVERLAP,"Just then, the Rishi entered the Ashram.",2,REVIEW,"Identical English target appears in train, val"
CROSS_SPLIT_SENTENCE_OVERLAP,He welcomes people to the ashram.,2,REVIEW,"Identical English target appears in test, train"
CROSS_SPLIT_SENTENCE_OVERLAP,which one or the following sums up the story best?,2,REVIEW,"Identical English target appears in test, train"
CROSS_SPLIT_SENTENCE_OVERLAP,Carbon dioxide,2,REVIEW,"Identical English target appears in train, val"
CROSS_SPLIT_SENTENCE_OVERLAP,Full,2,REVIEW,"Identical English target appears in test, train"
CROSS_SPLIT_SENTENCE_OVERLAP,Area and its boundary.,2,REVIEW,"Identical English target appears in train, val"
CROSS_SPLIT_SENTENCE_OVERLAP,"A, B, C, D, E and F.",2,REVIEW,"Identical English target appears in train, val"
CROSS_SPLIT_SENTENCE_OVERLAP,Page 128.,2,REVIEW,"Identical English target appears in train, val"
CROSS_SPLIT_SENTENCE_OVERLAP,Puzzle,2,REVIEW,"Identical English target appears in train, val"
CROSS_SPLIT_SENTENCE_OVERLAP,Imagine.,2,REVIEW,"Identical English target appears in test, train"
CROSS_SPLIT_SENTENCE_OVERLAP,Ashram,2,REVIEW,"Identical English target appears in test, train"
CROSS_SPLIT_SENTENCE_OVERLAP,Let's discuss.,2,REVIEW,"Identical English target appears in train, val"
CROSS_SPLIT_SENTENCE_OVERLAP,Yes or No?,2,REVIEW,"Identical English target appears in train, val"
CROSS_SPLIT_SENTENCE_OVERLAP,agitate,2,REVIEW,"Identical English target appears in train, val"
CROSS_SPLIT_SENTENCE_OVERLAP,court,2,REVIEW,"Identical English target appears in train, val"
CROSS_SPLIT_SENTENCE_OVERLAP,Foot,2,REVIEW,"Identical English target appears in test, val"
CROSS_SPLIT_SENTENCE_OVERLAP,The tree has fruit.,2,REVIEW,"Identical English target appears in test, val"
CROSS_SPLIT_SENTENCE_OVERLAP,Page 30,2,REVIEW,"Identical English target appears in test, val"
CROSS_SPLIT_SENTENCE_OVERLAP,and then in English.,2,REVIEW,"Identical English target appears in test, val"
CROSS_SPLIT_SENTENCE_OVERLAP,discussion,2,REVIEW,"Identical English target appears in test, val"
CROSS_SPLIT_SENTENCE_OVERLAP,"Body ache, painful joints",2,REVIEW,"Identical English target appears in test, val"
CROSS_SPLIT_SENTENCE_OVERLAP,Then you can share my food.,2,REVIEW,"Identical English target appears in test, val"
CROSS_SPLIT_SENTENCE_OVERLAP,She saw the mongoose sitting outside as if waiting for her.,2,REVIEW,"Identical English target appears in test, val"
CROSS_SPLIT_SENTENCE_OVERLAP,"Don't be afraid, he said.",2,REVIEW,"Identical English target appears in test, val"
CROSS_SPLIT_SENTENCE_OVERLAP,and minerals from the soil.,2,REVIEW,"Identical English target appears in test, val"
CROSS_SPLIT_SENTENCE_OVERLAP,and tapioca,2,REVIEW,"Identical English target appears in test, val"
