sample_id,split,status,error,timestamp_utc
1782bea75c7d-1,train,REMOTE_ARCHIVE_UNMOUNTED,Video unavailable locally: REMOTE_ARCHIVE_UNMOUNTED,2026-09-17T16:11:10Z
1782bea75c7d-2,train,REMOTE_ARCHIVE_UNMOUNTED,Video unavailable locally: REMOTE_ARCHIVE_UNMOUNTED,2026-09-17T16:11:10Z
1782bea75c7d-4,train,REMOTE_ARCHIVE_UNMOUNTED,Video unavailable locally: REMOTE_ARCHIVE_UNMOUNTED,2026-09-17T16:11:10Z
1782bea75c7d-5,train,REMOTE_ARCHIVE_UNMOUNTED,Video unavailable locally: REMOTE_ARCHIVE_UNMOUNTED,2026-09-17T16:11:10Z
1782bea75c7d-6,train,REMOTE_ARCHIVE_UNMOUNTED,Video unavailable locally: REMOTE_ARCHIVE_UNMOUNTED,2026-09-17T16:11:10Z
1782bea75c7d-31,train,REMOTE_ARCHIVE_UNMOUNTED,Video unavailable locally: REMOTE_ARCHIVE_UNMOUNTED,2026-09-17T16:17:17Z
1782bea75c7d-32,train,REMOTE_ARCHIVE_UNMOUNTED,Video unavailable locally: REMOTE_ARCHIVE_UNMOUNTED,2026-09-17T16:17:17Z
1782bea75c7d-33,train,REMOTE_ARCHIVE_UNMOUNTED,Video unavailable locally: REMOTE_ARCHIVE_UNMOUNTED,2026-09-17T16:17:17Z
1782bea75c7d-34,train,REMOTE_ARCHIVE_UNMOUNTED,Video unavailable locally: REMOTE_ARCHIVE_UNMOUNTED,2026-09-17T16:17:17Z
1782bea75c7d-35,train,REMOTE_ARCHIVE_UNMOUNTED,Video unavailable locally: REMOTE_ARCHIVE_UNMOUNTED,2026-09-17T16:17:17Z
1782bea75c7d-36,train,REMOTE_ARCHIVE_UNMOUNTED,Video unavailable locally: REMOTE_ARCHIVE_UNMOUNTED,2026-09-17T16:17:17Z
1782bea75c7d-37,train,REMOTE_ARCHIVE_UNMOUNTED,Video unavailable locally: REMOTE_ARCHIVE_UNMOUNTED,2026-09-17T16:17:17Z
1782bea75c7d-38,train,REMOTE_ARCHIVE_UNMOUNTED,Video unavailable locally: REMOTE_ARCHIVE_UNMOUNTED,2026-09-17T16:17:17Z
1782bea75c7d-39,train,REMOTE_ARCHIVE_UNMOUNTED,Video unavailable locally: REMOTE_ARCHIVE_UNMOUNTED,2026-09-17T16:17:17Z
1782bea75c7d-40,train,REMOTE_ARCHIVE_UNMOUNTED,Video unavailable locally: REMOTE_ARCHIVE_UNMOUNTED,2026-09-17T16:17:17Z
