sample_id,dataset,class_id,class_name,split,session_id,true_signer_id,feature_path,num_frames,file_size_bytes
iso_hello_001,SIGNOVA_ISOLATED_BENCHMARK,0,HELLO,train,session_01,,g:\SingLang\SIGNOVA\data\features\isolated_signs\train\iso_hello_001.npz,35,142773
iso_hello_002,SIGNOVA_ISOLATED_BENCHMARK,0,HELLO,train,session_02,,g:\SingLang\SIGNOVA\data\features\isolated_signs\train\iso_hello_002.npz,36,146841
iso_hello_003,SIGNOVA_ISOLATED_BENCHMARK,0,HELLO,train,session_03,,g:\SingLang\SIGNOVA\data\features\isolated_signs\train\iso_hello_003.npz,37,150910
iso_hello_004,SIGNOVA_ISOLATED_BENCHMARK,0,HELLO,train,session_04,,g:\SingLang\SIGNOVA\data\features\isolated_signs\train\iso_hello_004.npz,38,155008
iso_hello_005,SIGNOVA_ISOLATED_BENCHMARK,0,HELLO,train,session_05,,g:\SingLang\SIGNOVA\data\features\isolated_signs\train\iso_hello_005.npz,39,158925
iso_hello_006,SIGNOVA_ISOLATED_BENCHMARK,0,HELLO,train,session_06,,g:\SingLang\SIGNOVA\data\features\isolated_signs\train\iso_hello_006.npz,40,162997
iso_hello_007,SIGNOVA_ISOLATED_BENCHMARK,0,HELLO,val,session_07,,g:\SingLang\SIGNOVA\data\features\isolated_signs\val\iso_hello_007.npz,41,167015
iso_hello_008,SIGNOVA_ISOLATED_BENCHMARK,0,HELLO,test,session_08,,g:\SingLang\SIGNOVA\data\features\isolated_signs\test\iso_hello_008.npz,42,171063
iso_hello_009,SIGNOVA_ISOLATED_BENCHMARK,0,HELLO,train,session_01,,g:\SingLang\SIGNOVA\data\features\isolated_signs\train\iso_hello_009.npz,43,175198
iso_hello_010,SIGNOVA_ISOLATED_BENCHMARK,0,HELLO,train,session_02,,g:\SingLang\SIGNOVA\data\features\isolated_signs\train\iso_hello_010.npz,44,179175
iso_hello_011,SIGNOVA_ISOLATED_BENCHMARK,0,HELLO,train,session_03,,g:\SingLang\SIGNOVA\data\features\isolated_signs\train\iso_hello_011.npz,45,183153
iso_hello_012,SIGNOVA_ISOLATED_BENCHMARK,0,HELLO,train,session_04,,g:\SingLang\SIGNOVA\data\features\isolated_signs\train\iso_hello_012.npz,46,187176
iso_hello_013,SIGNOVA_ISOLATED_BENCHMARK,0,HELLO,train,session_05,,g:\SingLang\SIGNOVA\data\features\isolated_signs\train\iso_hello_013.npz,47,191197
iso_hello_014,SIGNOVA_ISOLATED_BENCHMARK,0,HELLO,train,session_06,,g:\SingLang\SIGNOVA\data\features\isolated_signs\train\iso_hello_014.npz,48,195354
iso_hello_015,SIGNOVA_ISOLATED_BENCHMARK,0,HELLO,val,session_07,,g:\SingLang\SIGNOVA\data\features\isolated_signs\val\iso_hello_015.npz,49,199318
iso_hello_016,SIGNOVA_ISOLATED_BENCHMARK,0,HELLO,test,session_08,,g:\SingLang\SIGNOVA\data\features\isolated_signs\test\iso_hello_016.npz,50,203386
iso_hello_017,SIGNOVA_ISOLATED_BENCHMARK,0,HELLO,train,session_01,,g:\SingLang\SIGNOVA\data\features\isolated_signs\train\iso_hello_017.npz,51,207315
iso_hello_018,SIGNOVA_ISOLATED_BENCHMARK,0,HELLO,train,session_02,,g:\SingLang\SIGNOVA\data\features\isolated_signs\train\iso_hello_018.npz,52,211426
iso_hello_019,SIGNOVA_ISOLATED_BENCHMARK,0,HELLO,train,session_03,,g:\SingLang\SIGNOVA\data\features\isolated_signs\train\iso_hello_019.npz,53,215542
iso_hello_020,SIGNOVA_ISOLATED_BENCHMARK,0,HELLO,train,session_04,,g:\SingLang\SIGNOVA\data\features\isolated_signs\train\iso_hello_020.npz,54,219501
iso_hello_021,SIGNOVA_ISOLATED_BENCHMARK,0,HELLO,train,session_05,,g:\SingLang\SIGNOVA\data\features\isolated_signs\train\iso_hello_021.npz,35,142828
iso_hello_022,SIGNOVA_ISOLATED_BENCHMARK,0,HELLO,train,session_06,,g:\SingLang\SIGNOVA\data\features\isolated_signs\train\iso_hello_022.npz,36,146830
iso_hello_023,SIGNOVA_ISOLATED_BENCHMARK,0,HELLO,val,session_07,,g:\SingLang\SIGNOVA\data\features\isolated_signs\val\iso_hello_023.npz,37,150834
iso_hello_024,SIGNOVA_ISOLATED_BENCHMARK,0,HELLO,test,session_08,,g:\SingLang\SIGNOVA\data\features\isolated_signs\test\iso_hello_024.npz,38,154989
iso_hello_025,SIGNOVA_ISOLATED_BENCHMARK,0,HELLO,train,session_01,,g:\SingLang\SIGNOVA\data\features\isolated_signs\train\iso_hello_025.npz,39,158961
iso_hello_026,SIGNOVA_ISOLATED_BENCHMARK,0,HELLO,train,session_02,,g:\SingLang\SIGNOVA\data\features\isolated_signs\train\iso_hello_026.npz,40,163043
iso_hello_027,SIGNOVA_ISOLATED_BENCHMARK,0,HELLO,train,session_03,,g:\SingLang\SIGNOVA\data\features\isolated_signs\train\iso_hello_027.npz,41,167052
iso_hello_028,SIGNOVA_ISOLATED_BENCHMARK,0,HELLO,train,session_04,,g:\SingLang\SIGNOVA\data\features\isolated_signs\train\iso_hello_028.npz,42,171176
iso_thank_you_001,SIGNOVA_ISOLATED_BENCHMARK,1,THANK_YOU,train,session_01,,g:\SingLang\SIGNOVA\data\features\isolated_signs\train\iso_thank_you_001.npz,35,142875
iso_thank_you_002,SIGNOVA_ISOLATED_BENCHMARK,1,THANK_YOU,train,session_02,,g:\SingLang\SIGNOVA\data\features\isolated_signs\train\iso_thank_you_002.npz,36,146916
iso_thank_you_003,SIGNOVA_ISOLATED_BENCHMARK,1,THANK_YOU,train,session_03,,g:\SingLang\SIGNOVA\data\features\isolated_signs\train\iso_thank_you_003.npz,37,150945
iso_thank_you_004,SIGNOVA_ISOLATED_BENCHMARK,1,THANK_YOU,train,session_04,,g:\SingLang\SIGNOVA\data\features\isolated_signs\train\iso_thank_you_004.npz,38,155064
iso_thank_you_005,SIGNOVA_ISOLATED_BENCHMARK,1,THANK_YOU,train,session_05,,g:\SingLang\SIGNOVA\data\features\isolated_signs\train\iso_thank_you_005.npz,39,159054
iso_thank_you_006,SIGNOVA_ISOLATED_BENCHMARK,1,THANK_YOU,train,session_06,,g:\SingLang\SIGNOVA\data\features\isolated_signs\train\iso_thank_you_006.npz,40,163136
iso_thank_you_007,SIGNOVA_ISOLATED_BENCHMARK,1,THANK_YOU,val,session_07,,g:\SingLang\SIGNOVA\data\features\isolated_signs\val\iso_thank_you_007.npz,41,167016
iso_thank_you_008,SIGNOVA_ISOLATED_BENCHMARK,1,THANK_YOU,test,session_08,,g:\SingLang\SIGNOVA\data\features\isolated_signs\test\iso_thank_you_008.npz,42,171100
iso_thank_you_009,SIGNOVA_ISOLATED_BENCHMARK,1,THANK_YOU,train,session_01,,g:\SingLang\SIGNOVA\data\features\isolated_signs\train\iso_thank_you_009.npz,43,175221
iso_thank_you_010,SIGNOVA_ISOLATED_BENCHMARK,1,THANK_YOU,train,session_02,,g:\SingLang\SIGNOVA\data\features\isolated_signs\train\iso_thank_you_010.npz,44,179249
iso_thank_you_011,SIGNOVA_ISOLATED_BENCHMARK,1,THANK_YOU,train,session_03,,g:\SingLang\SIGNOVA\data\features\isolated_signs\train\iso_thank_you_011.npz,45,183215
iso_thank_you_012,SIGNOVA_ISOLATED_BENCHMARK,1,THANK_YOU,train,session_04,,g:\SingLang\SIGNOVA\data\features\isolated_signs\train\iso_thank_you_012.npz,46,187245
iso_thank_you_013,SIGNOVA_ISOLATED_BENCHMARK,1,THANK_YOU,train,session_05,,g:\SingLang\SIGNOVA\data\features\isolated_signs\train\iso_thank_you_013.npz,47,191282
iso_thank_you_014,SIGNOVA_ISOLATED_BENCHMARK,1,THANK_YOU,train,session_06,,g:\SingLang\SIGNOVA\data\features\isolated_signs\train\iso_thank_you_014.npz,48,195376
iso_thank_you_015,SIGNOVA_ISOLATED_BENCHMARK,1,THANK_YOU,val,session_07,,g:\SingLang\SIGNOVA\data\features\isolated_signs\val\iso_thank_you_015.npz,49,199419
iso_thank_you_016,SIGNOVA_ISOLATED_BENCHMARK,1,THANK_YOU,test,session_08,,g:\SingLang\SIGNOVA\data\features\isolated_signs\test\iso_thank_you_016.npz,50,203403
iso_thank_you_017,SIGNOVA_ISOLATED_BENCHMARK,1,THANK_YOU,train,session_01,,g:\SingLang\SIGNOVA\data\features\isolated_signs\train\iso_thank_you_017.npz,51,207395
iso_thank_you_018,SIGNOVA_ISOLATED_BENCHMARK,1,THANK_YOU,train,session_02,,g:\SingLang\SIGNOVA\data\features\isolated_signs\train\iso_thank_you_018.npz,52,211635
iso_thank_you_019,SIGNOVA_ISOLATED_BENCHMARK,1,THANK_YOU,train,session_03,,g:\SingLang\SIGNOVA\data\features\isolated_signs\train\iso_thank_you_019.npz,53,215554
iso_thank_you_020,SIGNOVA_ISOLATED_BENCHMARK,1,THANK_YOU,train,session_04,,g:\SingLang\SIGNOVA\data\features\isolated_signs\train\iso_thank_you_020.npz,54,219560
iso_thank_you_021,SIGNOVA_ISOLATED_BENCHMARK,1,THANK_YOU,train,session_05,,g:\SingLang\SIGNOVA\data\features\isolated_signs\train\iso_thank_you_021.npz,35,142919
iso_thank_you_022,SIGNOVA_ISOLATED_BENCHMARK,1,THANK_YOU,train,session_06,,g:\SingLang\SIGNOVA\data\features\isolated_signs\train\iso_thank_you_022.npz,36,146858
iso_thank_you_023,SIGNOVA_ISOLATED_BENCHMARK,1,THANK_YOU,val,session_07,,g:\SingLang\SIGNOVA\data\features\isolated_signs\val\iso_thank_you_023.npz,37,151006
iso_thank_you_024,SIGNOVA_ISOLATED_BENCHMARK,1,THANK_YOU,test,session_08,,g:\SingLang\SIGNOVA\data\features\isolated_signs\test\iso_thank_you_024.npz,38,155007
iso_thank_you_025,SIGNOVA_ISOLATED_BENCHMARK,1,THANK_YOU,train,session_01,,g:\SingLang\SIGNOVA\data\features\isolated_signs\train\iso_thank_you_025.npz,39,159030
iso_thank_you_026,SIGNOVA_ISOLATED_BENCHMARK,1,THANK_YOU,train,session_02,,g:\SingLang\SIGNOVA\data\features\isolated_signs\train\iso_thank_you_026.npz,40,163081
iso_thank_you_027,SIGNOVA_ISOLATED_BENCHMARK,1,THANK_YOU,train,session_03,,g:\SingLang\SIGNOVA\data\features\isolated_signs\train\iso_thank_you_027.npz,41,167121
iso_thank_you_028,SIGNOVA_ISOLATED_BENCHMARK,1,THANK_YOU,train,session_04,,g:\SingLang\SIGNOVA\data\features\isolated_signs\train\iso_thank_you_028.npz,42,171198
iso_please_001,SIGNOVA_ISOLATED_BENCHMARK,2,PLEASE,train,session_01,,g:\SingLang\SIGNOVA\data\features\isolated_signs\train\iso_please_001.npz,35,143139
iso_please_002,SIGNOVA_ISOLATED_BENCHMARK,2,PLEASE,train,session_02,,g:\SingLang\SIGNOVA\data\features\isolated_signs\train\iso_please_002.npz,36,147209
iso_please_003,SIGNOVA_ISOLATED_BENCHMARK,2,PLEASE,train,session_03,,g:\SingLang\SIGNOVA\data\features\isolated_signs\train\iso_please_003.npz,37,151149
iso_please_004,SIGNOVA_ISOLATED_BENCHMARK,2,PLEASE,train,session_04,,g:\SingLang\SIGNOVA\data\features\isolated_signs\train\iso_please_004.npz,38,155401
iso_please_005,SIGNOVA_ISOLATED_BENCHMARK,2,PLEASE,train,session_05,,g:\SingLang\SIGNOVA\data\features\isolated_signs\train\iso_please_005.npz,39,159362
iso_please_006,SIGNOVA_ISOLATED_BENCHMARK,2,PLEASE,train,session_06,,g:\SingLang\SIGNOVA\data\features\isolated_signs\train\iso_please_006.npz,40,163311
iso_please_007,SIGNOVA_ISOLATED_BENCHMARK,2,PLEASE,val,session_07,,g:\SingLang\SIGNOVA\data\features\isolated_signs\val\iso_please_007.npz,41,167456
iso_please_008,SIGNOVA_ISOLATED_BENCHMARK,2,PLEASE,test,session_08,,g:\SingLang\SIGNOVA\data\features\isolated_signs\test\iso_please_008.npz,42,171441
iso_please_009,SIGNOVA_ISOLATED_BENCHMARK,2,PLEASE,train,session_01,,g:\SingLang\SIGNOVA\data\features\isolated_signs\train\iso_please_009.npz,43,175509
iso_please_010,SIGNOVA_ISOLATED_BENCHMARK,2,PLEASE,train,session_02,,g:\SingLang\SIGNOVA\data\features\isolated_signs\train\iso_please_010.npz,44,179541
iso_please_011,SIGNOVA_ISOLATED_BENCHMARK,2,PLEASE,train,session_03,,g:\SingLang\SIGNOVA\data\features\isolated_signs\train\iso_please_011.npz,45,183515
iso_please_012,SIGNOVA_ISOLATED_BENCHMARK,2,PLEASE,train,session_04,,g:\SingLang\SIGNOVA\data\features\isolated_signs\train\iso_please_012.npz,46,187481
iso_please_013,SIGNOVA_ISOLATED_BENCHMARK,2,PLEASE,train,session_05,,g:\SingLang\SIGNOVA\data\features\isolated_signs\train\iso_please_013.npz,47,191595
iso_please_014,SIGNOVA_ISOLATED_BENCHMARK,2,PLEASE,train,session_06,,g:\SingLang\SIGNOVA\data\features\isolated_signs\train\iso_please_014.npz,48,195694
iso_please_015,SIGNOVA_ISOLATED_BENCHMARK,2,PLEASE,val,session_07,,g:\SingLang\SIGNOVA\data\features\isolated_signs\val\iso_please_015.npz,49,199760
iso_please_016,SIGNOVA_ISOLATED_BENCHMARK,2,PLEASE,test,session_08,,g:\SingLang\SIGNOVA\data\features\isolated_signs\test\iso_please_016.npz,50,203723
iso_please_017,SIGNOVA_ISOLATED_BENCHMARK,2,PLEASE,train,session_01,,g:\SingLang\SIGNOVA\data\features\isolated_signs\train\iso_please_017.npz,51,207840
iso_please_018,SIGNOVA_ISOLATED_BENCHMARK,2,PLEASE,train,session_02,,g:\SingLang\SIGNOVA\data\features\isolated_signs\train\iso_please_018.npz,52,211964
iso_please_019,SIGNOVA_ISOLATED_BENCHMARK,2,PLEASE,train,session_03,,g:\SingLang\SIGNOVA\data\features\isolated_signs\train\iso_please_019.npz,53,215895
iso_please_020,SIGNOVA_ISOLATED_BENCHMARK,2,PLEASE,train,session_04,,g:\SingLang\SIGNOVA\data\features\isolated_signs\train\iso_please_020.npz,54,219972
iso_please_021,SIGNOVA_ISOLATED_BENCHMARK,2,PLEASE,train,session_05,,g:\SingLang\SIGNOVA\data\features\isolated_signs\train\iso_please_021.npz,35,143161
iso_please_022,SIGNOVA_ISOLATED_BENCHMARK,2,PLEASE,train,session_06,,g:\SingLang\SIGNOVA\data\features\isolated_signs\train\iso_please_022.npz,36,147085
iso_please_023,SIGNOVA_ISOLATED_BENCHMARK,2,PLEASE,val,session_07,,g:\SingLang\SIGNOVA\data\features\isolated_signs\val\iso_please_023.npz,37,151261
iso_please_024,SIGNOVA_ISOLATED_BENCHMARK,2,PLEASE,test,session_08,,g:\SingLang\SIGNOVA\data\features\isolated_signs\test\iso_please_024.npz,38,155324
iso_please_025,SIGNOVA_ISOLATED_BENCHMARK,2,PLEASE,train,session_01,,g:\SingLang\SIGNOVA\data\features\isolated_signs\train\iso_please_025.npz,39,159268
iso_please_026,SIGNOVA_ISOLATED_BENCHMARK,2,PLEASE,train,session_02,,g:\SingLang\SIGNOVA\data\features\isolated_signs\train\iso_please_026.npz,40,163300
iso_please_027,SIGNOVA_ISOLATED_BENCHMARK,2,PLEASE,train,session_03,,g:\SingLang\SIGNOVA\data\features\isolated_signs\train\iso_please_027.npz,41,167413
iso_please_028,SIGNOVA_ISOLATED_BENCHMARK,2,PLEASE,train,session_04,,g:\SingLang\SIGNOVA\data\features\isolated_signs\train\iso_please_028.npz,42,171491
iso_yes_001,SIGNOVA_ISOLATED_BENCHMARK,3,YES,train,session_01,,g:\SingLang\SIGNOVA\data\features\isolated_signs\train\iso_yes_001.npz,35,143233
iso_yes_002,SIGNOVA_ISOLATED_BENCHMARK,3,YES,train,session_02,,g:\SingLang\SIGNOVA\data\features\isolated_signs\train\iso_yes_002.npz,36,147270
iso_yes_003,SIGNOVA_ISOLATED_BENCHMARK,3,YES,train,session_03,,g:\SingLang\SIGNOVA\data\features\isolated_signs\train\iso_yes_003.npz,37,151294
iso_yes_004,SIGNOVA_ISOLATED_BENCHMARK,3,YES,train,session_04,,g:\SingLang\SIGNOVA\data\features\isolated_signs\train\iso_yes_004.npz,38,155423
iso_yes_005,SIGNOVA_ISOLATED_BENCHMARK,3,YES,train,session_05,,g:\SingLang\SIGNOVA\data\features\isolated_signs\train\iso_yes_005.npz,39,159267
iso_yes_006,SIGNOVA_ISOLATED_BENCHMARK,3,YES,train,session_06,,g:\SingLang\SIGNOVA\data\features\isolated_signs\train\iso_yes_006.npz,40,163488
iso_yes_007,SIGNOVA_ISOLATED_BENCHMARK,3,YES,val,session_07,,g:\SingLang\SIGNOVA\data\features\isolated_signs\val\iso_yes_007.npz,41,167379
iso_yes_008,SIGNOVA_ISOLATED_BENCHMARK,3,YES,test,session_08,,g:\SingLang\SIGNOVA\data\features\isolated_signs\test\iso_yes_008.npz,42,171511
iso_yes_009,SIGNOVA_ISOLATED_BENCHMARK,3,YES,train,session_01,,g:\SingLang\SIGNOVA\data\features\isolated_signs\train\iso_yes_009.npz,43,175535
iso_yes_010,SIGNOVA_ISOLATED_BENCHMARK,3,YES,train,session_02,,g:\SingLang\SIGNOVA\data\features\isolated_signs\train\iso_yes_010.npz,44,179691
iso_yes_011,SIGNOVA_ISOLATED_BENCHMARK,3,YES,train,session_03,,g:\SingLang\SIGNOVA\data\features\isolated_signs\train\iso_yes_011.npz,45,183622
iso_yes_012,SIGNOVA_ISOLATED_BENCHMARK,3,YES,train,session_04,,g:\SingLang\SIGNOVA\data\features\isolated_signs\train\iso_yes_012.npz,46,187705
iso_yes_013,SIGNOVA_ISOLATED_BENCHMARK,3,YES,train,session_05,,g:\SingLang\SIGNOVA\data\features\isolated_signs\train\iso_yes_013.npz,47,191664
iso_yes_014,SIGNOVA_ISOLATED_BENCHMARK,3,YES,train,session_06,,g:\SingLang\SIGNOVA\data\features\isolated_signs\train\iso_yes_014.npz,48,195713
iso_yes_015,SIGNOVA_ISOLATED_BENCHMARK,3,YES,val,session_07,,g:\SingLang\SIGNOVA\data\features\isolated_signs\val\iso_yes_015.npz,49,199900
iso_yes_016,SIGNOVA_ISOLATED_BENCHMARK,3,YES,test,session_08,,g:\SingLang\SIGNOVA\data\features\isolated_signs\test\iso_yes_016.npz,50,203846
iso_yes_017,SIGNOVA_ISOLATED_BENCHMARK,3,YES,train,session_01,,g:\SingLang\SIGNOVA\data\features\isolated_signs\train\iso_yes_017.npz,51,207905
iso_yes_018,SIGNOVA_ISOLATED_BENCHMARK,3,YES,train,session_02,,g:\SingLang\SIGNOVA\data\features\isolated_signs\train\iso_yes_018.npz,52,212021
iso_yes_019,SIGNOVA_ISOLATED_BENCHMARK,3,YES,train,session_03,,g:\SingLang\SIGNOVA\data\features\isolated_signs\train\iso_yes_019.npz,53,216065
iso_yes_020,SIGNOVA_ISOLATED_BENCHMARK,3,YES,train,session_04,,g:\SingLang\SIGNOVA\data\features\isolated_signs\train\iso_yes_020.npz,54,219977
iso_yes_021,SIGNOVA_ISOLATED_BENCHMARK,3,YES,train,session_05,,g:\SingLang\SIGNOVA\data\features\isolated_signs\train\iso_yes_021.npz,35,143209
iso_yes_022,SIGNOVA_ISOLATED_BENCHMARK,3,YES,train,session_06,,g:\SingLang\SIGNOVA\data\features\isolated_signs\train\iso_yes_022.npz,36,147262
iso_yes_023,SIGNOVA_ISOLATED_BENCHMARK,3,YES,val,session_07,,g:\SingLang\SIGNOVA\data\features\isolated_signs\val\iso_yes_023.npz,37,151226
iso_yes_024,SIGNOVA_ISOLATED_BENCHMARK,3,YES,test,session_08,,g:\SingLang\SIGNOVA\data\features\isolated_signs\test\iso_yes_024.npz,38,155438
iso_yes_025,SIGNOVA_ISOLATED_BENCHMARK,3,YES,train,session_01,,g:\SingLang\SIGNOVA\data\features\isolated_signs\train\iso_yes_025.npz,39,159435
iso_yes_026,SIGNOVA_ISOLATED_BENCHMARK,3,YES,train,session_02,,g:\SingLang\SIGNOVA\data\features\isolated_signs\train\iso_yes_026.npz,40,163415
iso_yes_027,SIGNOVA_ISOLATED_BENCHMARK,3,YES,train,session_03,,g:\SingLang\SIGNOVA\data\features\isolated_signs\train\iso_yes_027.npz,41,167488
iso_yes_028,SIGNOVA_ISOLATED_BENCHMARK,3,YES,train,session_04,,g:\SingLang\SIGNOVA\data\features\isolated_signs\train\iso_yes_028.npz,42,171500
iso_no_001,SIGNOVA_ISOLATED_BENCHMARK,4,NO,train,session_01,,g:\SingLang\SIGNOVA\data\features\isolated_signs\train\iso_no_001.npz,35,143019
iso_no_002,SIGNOVA_ISOLATED_BENCHMARK,4,NO,train,session_02,,g:\SingLang\SIGNOVA\data\features\isolated_signs\train\iso_no_002.npz,36,146995
iso_no_003,SIGNOVA_ISOLATED_BENCHMARK,4,NO,train,session_03,,g:\SingLang\SIGNOVA\data\features\isolated_signs\train\iso_no_003.npz,37,151080
iso_no_004,SIGNOVA_ISOLATED_BENCHMARK,4,NO,train,session_04,,g:\SingLang\SIGNOVA\data\features\isolated_signs\train\iso_no_004.npz,38,155181
iso_no_005,SIGNOVA_ISOLATED_BENCHMARK,4,NO,train,session_05,,g:\SingLang\SIGNOVA\data\features\isolated_signs\train\iso_no_005.npz,39,159202
iso_no_006,SIGNOVA_ISOLATED_BENCHMARK,4,NO,train,session_06,,g:\SingLang\SIGNOVA\data\features\isolated_signs\train\iso_no_006.npz,40,163175
iso_no_007,SIGNOVA_ISOLATED_BENCHMARK,4,NO,val,session_07,,g:\SingLang\SIGNOVA\data\features\isolated_signs\val\iso_no_007.npz,41,167308
iso_no_008,SIGNOVA_ISOLATED_BENCHMARK,4,NO,test,session_08,,g:\SingLang\SIGNOVA\data\features\isolated_signs\test\iso_no_008.npz,42,171252
iso_no_009,SIGNOVA_ISOLATED_BENCHMARK,4,NO,train,session_01,,g:\SingLang\SIGNOVA\data\features\isolated_signs\train\iso_no_009.npz,43,175390
iso_no_010,SIGNOVA_ISOLATED_BENCHMARK,4,NO,train,session_02,,g:\SingLang\SIGNOVA\data\features\isolated_signs\train\iso_no_010.npz,44,179328
iso_no_011,SIGNOVA_ISOLATED_BENCHMARK,4,NO,train,session_03,,g:\SingLang\SIGNOVA\data\features\isolated_signs\train\iso_no_011.npz,45,183421
iso_no_012,SIGNOVA_ISOLATED_BENCHMARK,4,NO,train,session_04,,g:\SingLang\SIGNOVA\data\features\isolated_signs\train\iso_no_012.npz,46,187484
iso_no_013,SIGNOVA_ISOLATED_BENCHMARK,4,NO,train,session_05,,g:\SingLang\SIGNOVA\data\features\isolated_signs\train\iso_no_013.npz,47,191554
iso_no_014,SIGNOVA_ISOLATED_BENCHMARK,4,NO,train,session_06,,g:\SingLang\SIGNOVA\data\features\isolated_signs\train\iso_no_014.npz,48,195589
iso_no_015,SIGNOVA_ISOLATED_BENCHMARK,4,NO,val,session_07,,g:\SingLang\SIGNOVA\data\features\isolated_signs\val\iso_no_015.npz,49,199557
iso_no_016,SIGNOVA_ISOLATED_BENCHMARK,4,NO,test,session_08,,g:\SingLang\SIGNOVA\data\features\isolated_signs\test\iso_no_016.npz,50,203626
iso_no_017,SIGNOVA_ISOLATED_BENCHMARK,4,NO,train,session_01,,g:\SingLang\SIGNOVA\data\features\isolated_signs\train\iso_no_017.npz,51,207773
iso_no_018,SIGNOVA_ISOLATED_BENCHMARK,4,NO,train,session_02,,g:\SingLang\SIGNOVA\data\features\isolated_signs\train\iso_no_018.npz,52,211761
iso_no_019,SIGNOVA_ISOLATED_BENCHMARK,4,NO,train,session_03,,g:\SingLang\SIGNOVA\data\features\isolated_signs\train\iso_no_019.npz,53,215869
iso_no_020,SIGNOVA_ISOLATED_BENCHMARK,4,NO,train,session_04,,g:\SingLang\SIGNOVA\data\features\isolated_signs\train\iso_no_020.npz,54,219873
iso_no_021,SIGNOVA_ISOLATED_BENCHMARK,4,NO,train,session_05,,g:\SingLang\SIGNOVA\data\features\isolated_signs\train\iso_no_021.npz,35,143091
iso_no_022,SIGNOVA_ISOLATED_BENCHMARK,4,NO,train,session_06,,g:\SingLang\SIGNOVA\data\features\isolated_signs\train\iso_no_022.npz,36,147035
iso_no_023,SIGNOVA_ISOLATED_BENCHMARK,4,NO,val,session_07,,g:\SingLang\SIGNOVA\data\features\isolated_signs\val\iso_no_023.npz,37,151097
iso_no_024,SIGNOVA_ISOLATED_BENCHMARK,4,NO,test,session_08,,g:\SingLang\SIGNOVA\data\features\isolated_signs\test\iso_no_024.npz,38,155159
iso_no_025,SIGNOVA_ISOLATED_BENCHMARK,4,NO,train,session_01,,g:\SingLang\SIGNOVA\data\features\isolated_signs\train\iso_no_025.npz,39,159233
iso_no_026,SIGNOVA_ISOLATED_BENCHMARK,4,NO,train,session_02,,g:\SingLang\SIGNOVA\data\features\isolated_signs\train\iso_no_026.npz,40,163218
iso_no_027,SIGNOVA_ISOLATED_BENCHMARK,4,NO,train,session_03,,g:\SingLang\SIGNOVA\data\features\isolated_signs\train\iso_no_027.npz,41,167263
iso_no_028,SIGNOVA_ISOLATED_BENCHMARK,4,NO,train,session_04,,g:\SingLang\SIGNOVA\data\features\isolated_signs\train\iso_no_028.npz,42,171283
iso_name_001,SIGNOVA_ISOLATED_BENCHMARK,5,NAME,train,session_01,,g:\SingLang\SIGNOVA\data\features\isolated_signs\train\iso_name_001.npz,35,142568
iso_name_002,SIGNOVA_ISOLATED_BENCHMARK,5,NAME,train,session_02,,g:\SingLang\SIGNOVA\data\features\isolated_signs\train\iso_name_002.npz,36,146679
iso_name_003,SIGNOVA_ISOLATED_BENCHMARK,5,NAME,train,session_03,,g:\SingLang\SIGNOVA\data\features\isolated_signs\train\iso_name_003.npz,37,150592
iso_name_004,SIGNOVA_ISOLATED_BENCHMARK,5,NAME,train,session_04,,g:\SingLang\SIGNOVA\data\features\isolated_signs\train\iso_name_004.npz,38,154719
iso_name_005,SIGNOVA_ISOLATED_BENCHMARK,5,NAME,train,session_05,,g:\SingLang\SIGNOVA\data\features\isolated_signs\train\iso_name_005.npz,39,158639
iso_name_006,SIGNOVA_ISOLATED_BENCHMARK,5,NAME,train,session_06,,g:\SingLang\SIGNOVA\data\features\isolated_signs\train\iso_name_006.npz,40,162846
iso_name_007,SIGNOVA_ISOLATED_BENCHMARK,5,NAME,val,session_07,,g:\SingLang\SIGNOVA\data\features\isolated_signs\val\iso_name_007.npz,41,166727
iso_name_008,SIGNOVA_ISOLATED_BENCHMARK,5,NAME,test,session_08,,g:\SingLang\SIGNOVA\data\features\isolated_signs\test\iso_name_008.npz,42,170784
iso_name_009,SIGNOVA_ISOLATED_BENCHMARK,5,NAME,train,session_01,,g:\SingLang\SIGNOVA\data\features\isolated_signs\train\iso_name_009.npz,43,174808
iso_name_010,SIGNOVA_ISOLATED_BENCHMARK,5,NAME,train,session_02,,g:\SingLang\SIGNOVA\data\features\isolated_signs\train\iso_name_010.npz,44,178844
iso_name_011,SIGNOVA_ISOLATED_BENCHMARK,5,NAME,train,session_03,,g:\SingLang\SIGNOVA\data\features\isolated_signs\train\iso_name_011.npz,45,182877
iso_name_012,SIGNOVA_ISOLATED_BENCHMARK,5,NAME,train,session_04,,g:\SingLang\SIGNOVA\data\features\isolated_signs\train\iso_name_012.npz,46,186949
iso_name_013,SIGNOVA_ISOLATED_BENCHMARK,5,NAME,train,session_05,,g:\SingLang\SIGNOVA\data\features\isolated_signs\train\iso_name_013.npz,47,190894
iso_name_014,SIGNOVA_ISOLATED_BENCHMARK,5,NAME,train,session_06,,g:\SingLang\SIGNOVA\data\features\isolated_signs\train\iso_name_014.npz,48,195024
iso_name_015,SIGNOVA_ISOLATED_BENCHMARK,5,NAME,val,session_07,,g:\SingLang\SIGNOVA\data\features\isolated_signs\val\iso_name_015.npz,49,199026
iso_name_016,SIGNOVA_ISOLATED_BENCHMARK,5,NAME,test,session_08,,g:\SingLang\SIGNOVA\data\features\isolated_signs\test\iso_name_016.npz,50,203045
iso_name_017,SIGNOVA_ISOLATED_BENCHMARK,5,NAME,train,session_01,,g:\SingLang\SIGNOVA\data\features\isolated_signs\train\iso_name_017.npz,51,207002
iso_name_018,SIGNOVA_ISOLATED_BENCHMARK,5,NAME,train,session_02,,g:\SingLang\SIGNOVA\data\features\isolated_signs\train\iso_name_018.npz,52,210994
iso_name_019,SIGNOVA_ISOLATED_BENCHMARK,5,NAME,train,session_03,,g:\SingLang\SIGNOVA\data\features\isolated_signs\train\iso_name_019.npz,53,215134
iso_name_020,SIGNOVA_ISOLATED_BENCHMARK,5,NAME,train,session_04,,g:\SingLang\SIGNOVA\data\features\isolated_signs\train\iso_name_020.npz,54,219230
iso_name_021,SIGNOVA_ISOLATED_BENCHMARK,5,NAME,train,session_05,,g:\SingLang\SIGNOVA\data\features\isolated_signs\train\iso_name_021.npz,35,142644
iso_name_022,SIGNOVA_ISOLATED_BENCHMARK,5,NAME,train,session_06,,g:\SingLang\SIGNOVA\data\features\isolated_signs\train\iso_name_022.npz,36,146620
iso_name_023,SIGNOVA_ISOLATED_BENCHMARK,5,NAME,val,session_07,,g:\SingLang\SIGNOVA\data\features\isolated_signs\val\iso_name_023.npz,37,150545
iso_name_024,SIGNOVA_ISOLATED_BENCHMARK,5,NAME,test,session_08,,g:\SingLang\SIGNOVA\data\features\isolated_signs\test\iso_name_024.npz,38,154671
iso_name_025,SIGNOVA_ISOLATED_BENCHMARK,5,NAME,train,session_01,,g:\SingLang\SIGNOVA\data\features\isolated_signs\train\iso_name_025.npz,39,158723
iso_name_026,SIGNOVA_ISOLATED_BENCHMARK,5,NAME,train,session_02,,g:\SingLang\SIGNOVA\data\features\isolated_signs\train\iso_name_026.npz,40,162717
iso_name_027,SIGNOVA_ISOLATED_BENCHMARK,5,NAME,train,session_03,,g:\SingLang\SIGNOVA\data\features\isolated_signs\train\iso_name_027.npz,41,166778
iso_name_028,SIGNOVA_ISOLATED_BENCHMARK,5,NAME,train,session_04,,g:\SingLang\SIGNOVA\data\features\isolated_signs\train\iso_name_028.npz,42,170747
iso_how_are_you_001,SIGNOVA_ISOLATED_BENCHMARK,6,HOW_ARE_YOU,train,session_01,,g:\SingLang\SIGNOVA\data\features\isolated_signs\train\iso_how_are_you_001.npz,35,142842
iso_how_are_you_002,SIGNOVA_ISOLATED_BENCHMARK,6,HOW_ARE_YOU,train,session_02,,g:\SingLang\SIGNOVA\data\features\isolated_signs\train\iso_how_are_you_002.npz,36,146852
iso_how_are_you_003,SIGNOVA_ISOLATED_BENCHMARK,6,HOW_ARE_YOU,train,session_03,,g:\SingLang\SIGNOVA\data\features\isolated_signs\train\iso_how_are_you_003.npz,37,150860
iso_how_are_you_004,SIGNOVA_ISOLATED_BENCHMARK,6,HOW_ARE_YOU,train,session_04,,g:\SingLang\SIGNOVA\data\features\isolated_signs\train\iso_how_are_you_004.npz,38,154924
iso_how_are_you_005,SIGNOVA_ISOLATED_BENCHMARK,6,HOW_ARE_YOU,train,session_05,,g:\SingLang\SIGNOVA\data\features\isolated_signs\train\iso_how_are_you_005.npz,39,158903
iso_how_are_you_006,SIGNOVA_ISOLATED_BENCHMARK,6,HOW_ARE_YOU,train,session_06,,g:\SingLang\SIGNOVA\data\features\isolated_signs\train\iso_how_are_you_006.npz,40,163020
iso_how_are_you_007,SIGNOVA_ISOLATED_BENCHMARK,6,HOW_ARE_YOU,val,session_07,,g:\SingLang\SIGNOVA\data\features\isolated_signs\val\iso_how_are_you_007.npz,41,167040
iso_how_are_you_008,SIGNOVA_ISOLATED_BENCHMARK,6,HOW_ARE_YOU,test,session_08,,g:\SingLang\SIGNOVA\data\features\isolated_signs\test\iso_how_are_you_008.npz,42,170970
iso_how_are_you_009,SIGNOVA_ISOLATED_BENCHMARK,6,HOW_ARE_YOU,train,session_01,,g:\SingLang\SIGNOVA\data\features\isolated_signs\train\iso_how_are_you_009.npz,43,175157
iso_how_are_you_010,SIGNOVA_ISOLATED_BENCHMARK,6,HOW_ARE_YOU,train,session_02,,g:\SingLang\SIGNOVA\data\features\isolated_signs\train\iso_how_are_you_010.npz,44,179123
iso_how_are_you_011,SIGNOVA_ISOLATED_BENCHMARK,6,HOW_ARE_YOU,train,session_03,,g:\SingLang\SIGNOVA\data\features\isolated_signs\train\iso_how_are_you_011.npz,45,183223
iso_how_are_you_012,SIGNOVA_ISOLATED_BENCHMARK,6,HOW_ARE_YOU,train,session_04,,g:\SingLang\SIGNOVA\data\features\isolated_signs\train\iso_how_are_you_012.npz,46,187196
iso_how_are_you_013,SIGNOVA_ISOLATED_BENCHMARK,6,HOW_ARE_YOU,train,session_05,,g:\SingLang\SIGNOVA\data\features\isolated_signs\train\iso_how_are_you_013.npz,47,191224
iso_how_are_you_014,SIGNOVA_ISOLATED_BENCHMARK,6,HOW_ARE_YOU,train,session_06,,g:\SingLang\SIGNOVA\data\features\isolated_signs\train\iso_how_are_you_014.npz,48,195223
iso_how_are_you_015,SIGNOVA_ISOLATED_BENCHMARK,6,HOW_ARE_YOU,val,session_07,,g:\SingLang\SIGNOVA\data\features\isolated_signs\val\iso_how_are_you_015.npz,49,199214
iso_how_are_you_016,SIGNOVA_ISOLATED_BENCHMARK,6,HOW_ARE_YOU,test,session_08,,g:\SingLang\SIGNOVA\data\features\isolated_signs\test\iso_how_are_you_016.npz,50,203249
iso_how_are_you_017,SIGNOVA_ISOLATED_BENCHMARK,6,HOW_ARE_YOU,train,session_01,,g:\SingLang\SIGNOVA\data\features\isolated_signs\train\iso_how_are_you_017.npz,51,207344
iso_how_are_you_018,SIGNOVA_ISOLATED_BENCHMARK,6,HOW_ARE_YOU,train,session_02,,g:\SingLang\SIGNOVA\data\features\isolated_signs\train\iso_how_are_you_018.npz,52,211468
iso_how_are_you_019,SIGNOVA_ISOLATED_BENCHMARK,6,HOW_ARE_YOU,train,session_03,,g:\SingLang\SIGNOVA\data\features\isolated_signs\train\iso_how_are_you_019.npz,53,215456
iso_how_are_you_020,SIGNOVA_ISOLATED_BENCHMARK,6,HOW_ARE_YOU,train,session_04,,g:\SingLang\SIGNOVA\data\features\isolated_signs\train\iso_how_are_you_020.npz,54,219290
iso_how_are_you_021,SIGNOVA_ISOLATED_BENCHMARK,6,HOW_ARE_YOU,train,session_05,,g:\SingLang\SIGNOVA\data\features\isolated_signs\train\iso_how_are_you_021.npz,35,142836
iso_how_are_you_022,SIGNOVA_ISOLATED_BENCHMARK,6,HOW_ARE_YOU,train,session_06,,g:\SingLang\SIGNOVA\data\features\isolated_signs\train\iso_how_are_you_022.npz,36,146817
iso_how_are_you_023,SIGNOVA_ISOLATED_BENCHMARK,6,HOW_ARE_YOU,val,session_07,,g:\SingLang\SIGNOVA\data\features\isolated_signs\val\iso_how_are_you_023.npz,37,150864
iso_how_are_you_024,SIGNOVA_ISOLATED_BENCHMARK,6,HOW_ARE_YOU,test,session_08,,g:\SingLang\SIGNOVA\data\features\isolated_signs\test\iso_how_are_you_024.npz,38,155070
iso_how_are_you_025,SIGNOVA_ISOLATED_BENCHMARK,6,HOW_ARE_YOU,train,session_01,,g:\SingLang\SIGNOVA\data\features\isolated_signs\train\iso_how_are_you_025.npz,39,158991
iso_how_are_you_026,SIGNOVA_ISOLATED_BENCHMARK,6,HOW_ARE_YOU,train,session_02,,g:\SingLang\SIGNOVA\data\features\isolated_signs\train\iso_how_are_you_026.npz,40,163002
iso_how_are_you_027,SIGNOVA_ISOLATED_BENCHMARK,6,HOW_ARE_YOU,train,session_03,,g:\SingLang\SIGNOVA\data\features\isolated_signs\train\iso_how_are_you_027.npz,41,167023
iso_how_are_you_028,SIGNOVA_ISOLATED_BENCHMARK,6,HOW_ARE_YOU,train,session_04,,g:\SingLang\SIGNOVA\data\features\isolated_signs\train\iso_how_are_you_028.npz,42,171109
iso_help_001,SIGNOVA_ISOLATED_BENCHMARK,7,HELP,train,session_01,,g:\SingLang\SIGNOVA\data\features\isolated_signs\train\iso_help_001.npz,35,143044
iso_help_002,SIGNOVA_ISOLATED_BENCHMARK,7,HELP,train,session_02,,g:\SingLang\SIGNOVA\data\features\isolated_signs\train\iso_help_002.npz,36,147035
iso_help_003,SIGNOVA_ISOLATED_BENCHMARK,7,HELP,train,session_03,,g:\SingLang\SIGNOVA\data\features\isolated_signs\train\iso_help_003.npz,37,151014
iso_help_004,SIGNOVA_ISOLATED_BENCHMARK,7,HELP,train,session_04,,g:\SingLang\SIGNOVA\data\features\isolated_signs\train\iso_help_004.npz,38,155155
iso_help_005,SIGNOVA_ISOLATED_BENCHMARK,7,HELP,train,session_05,,g:\SingLang\SIGNOVA\data\features\isolated_signs\train\iso_help_005.npz,39,159168
iso_help_006,SIGNOVA_ISOLATED_BENCHMARK,7,HELP,train,session_06,,g:\SingLang\SIGNOVA\data\features\isolated_signs\train\iso_help_006.npz,40,163229
iso_help_007,SIGNOVA_ISOLATED_BENCHMARK,7,HELP,val,session_07,,g:\SingLang\SIGNOVA\data\features\isolated_signs\val\iso_help_007.npz,41,167150
iso_help_008,SIGNOVA_ISOLATED_BENCHMARK,7,HELP,test,session_08,,g:\SingLang\SIGNOVA\data\features\isolated_signs\test\iso_help_008.npz,42,171195
iso_help_009,SIGNOVA_ISOLATED_BENCHMARK,7,HELP,train,session_01,,g:\SingLang\SIGNOVA\data\features\isolated_signs\train\iso_help_009.npz,43,175337
iso_help_010,SIGNOVA_ISOLATED_BENCHMARK,7,HELP,train,session_02,,g:\SingLang\SIGNOVA\data\features\isolated_signs\train\iso_help_010.npz,44,179310
iso_help_011,SIGNOVA_ISOLATED_BENCHMARK,7,HELP,train,session_03,,g:\SingLang\SIGNOVA\data\features\isolated_signs\train\iso_help_011.npz,45,183367
iso_help_012,SIGNOVA_ISOLATED_BENCHMARK,7,HELP,train,session_04,,g:\SingLang\SIGNOVA\data\features\isolated_signs\train\iso_help_012.npz,46,187494
iso_help_013,SIGNOVA_ISOLATED_BENCHMARK,7,HELP,train,session_05,,g:\SingLang\SIGNOVA\data\features\isolated_signs\train\iso_help_013.npz,47,191489
iso_help_014,SIGNOVA_ISOLATED_BENCHMARK,7,HELP,train,session_06,,g:\SingLang\SIGNOVA\data\features\isolated_signs\train\iso_help_014.npz,48,195584
iso_help_015,SIGNOVA_ISOLATED_BENCHMARK,7,HELP,val,session_07,,g:\SingLang\SIGNOVA\data\features\isolated_signs\val\iso_help_015.npz,49,199495
iso_help_016,SIGNOVA_ISOLATED_BENCHMARK,7,HELP,test,session_08,,g:\SingLang\SIGNOVA\data\features\isolated_signs\test\iso_help_016.npz,50,203598
iso_help_017,SIGNOVA_ISOLATED_BENCHMARK,7,HELP,train,session_01,,g:\SingLang\SIGNOVA\data\features\isolated_signs\train\iso_help_017.npz,51,207616
iso_help_018,SIGNOVA_ISOLATED_BENCHMARK,7,HELP,train,session_02,,g:\SingLang\SIGNOVA\data\features\isolated_signs\train\iso_help_018.npz,52,211704
iso_help_019,SIGNOVA_ISOLATED_BENCHMARK,7,HELP,train,session_03,,g:\SingLang\SIGNOVA\data\features\isolated_signs\train\iso_help_019.npz,53,215739
iso_help_020,SIGNOVA_ISOLATED_BENCHMARK,7,HELP,train,session_04,,g:\SingLang\SIGNOVA\data\features\isolated_signs\train\iso_help_020.npz,54,219752
iso_help_021,SIGNOVA_ISOLATED_BENCHMARK,7,HELP,train,session_05,,g:\SingLang\SIGNOVA\data\features\isolated_signs\train\iso_help_021.npz,35,142932
iso_help_022,SIGNOVA_ISOLATED_BENCHMARK,7,HELP,train,session_06,,g:\SingLang\SIGNOVA\data\features\isolated_signs\train\iso_help_022.npz,36,146985
iso_help_023,SIGNOVA_ISOLATED_BENCHMARK,7,HELP,val,session_07,,g:\SingLang\SIGNOVA\data\features\isolated_signs\val\iso_help_023.npz,37,150971
iso_help_024,SIGNOVA_ISOLATED_BENCHMARK,7,HELP,test,session_08,,g:\SingLang\SIGNOVA\data\features\isolated_signs\test\iso_help_024.npz,38,155151
iso_help_025,SIGNOVA_ISOLATED_BENCHMARK,7,HELP,train,session_01,,g:\SingLang\SIGNOVA\data\features\isolated_signs\train\iso_help_025.npz,39,159104
iso_help_026,SIGNOVA_ISOLATED_BENCHMARK,7,HELP,train,session_02,,g:\SingLang\SIGNOVA\data\features\isolated_signs\train\iso_help_026.npz,40,163169
iso_help_027,SIGNOVA_ISOLATED_BENCHMARK,7,HELP,train,session_03,,g:\SingLang\SIGNOVA\data\features\isolated_signs\train\iso_help_027.npz,41,167163
iso_help_028,SIGNOVA_ISOLATED_BENCHMARK,7,HELP,train,session_04,,g:\SingLang\SIGNOVA\data\features\isolated_signs\train\iso_help_028.npz,42,171206
iso_goodbye_001,SIGNOVA_ISOLATED_BENCHMARK,8,GOODBYE,train,session_01,,g:\SingLang\SIGNOVA\data\features\isolated_signs\train\iso_goodbye_001.npz,35,142956
iso_goodbye_002,SIGNOVA_ISOLATED_BENCHMARK,8,GOODBYE,train,session_02,,g:\SingLang\SIGNOVA\data\features\isolated_signs\train\iso_goodbye_002.npz,36,146903
iso_goodbye_003,SIGNOVA_ISOLATED_BENCHMARK,8,GOODBYE,train,session_03,,g:\SingLang\SIGNOVA\data\features\isolated_signs\train\iso_goodbye_003.npz,37,151002
iso_goodbye_004,SIGNOVA_ISOLATED_BENCHMARK,8,GOODBYE,train,session_04,,g:\SingLang\SIGNOVA\data\features\isolated_signs\train\iso_goodbye_004.npz,38,154980
iso_goodbye_005,SIGNOVA_ISOLATED_BENCHMARK,8,GOODBYE,train,session_05,,g:\SingLang\SIGNOVA\data\features\isolated_signs\train\iso_goodbye_005.npz,39,159145
iso_goodbye_006,SIGNOVA_ISOLATED_BENCHMARK,8,GOODBYE,train,session_06,,g:\SingLang\SIGNOVA\data\features\isolated_signs\train\iso_goodbye_006.npz,40,163090
iso_goodbye_007,SIGNOVA_ISOLATED_BENCHMARK,8,GOODBYE,val,session_07,,g:\SingLang\SIGNOVA\data\features\isolated_signs\val\iso_goodbye_007.npz,41,167159
iso_goodbye_008,SIGNOVA_ISOLATED_BENCHMARK,8,GOODBYE,test,session_08,,g:\SingLang\SIGNOVA\data\features\isolated_signs\test\iso_goodbye_008.npz,42,171113
iso_goodbye_009,SIGNOVA_ISOLATED_BENCHMARK,8,GOODBYE,train,session_01,,g:\SingLang\SIGNOVA\data\features\isolated_signs\train\iso_goodbye_009.npz,43,175262
iso_goodbye_010,SIGNOVA_ISOLATED_BENCHMARK,8,GOODBYE,train,session_02,,g:\SingLang\SIGNOVA\data\features\isolated_signs\train\iso_goodbye_010.npz,44,179260
iso_goodbye_011,SIGNOVA_ISOLATED_BENCHMARK,8,GOODBYE,train,session_03,,g:\SingLang\SIGNOVA\data\features\isolated_signs\train\iso_goodbye_011.npz,45,183322
iso_goodbye_012,SIGNOVA_ISOLATED_BENCHMARK,8,GOODBYE,train,session_04,,g:\SingLang\SIGNOVA\data\features\isolated_signs\train\iso_goodbye_012.npz,46,187315
iso_goodbye_013,SIGNOVA_ISOLATED_BENCHMARK,8,GOODBYE,train,session_05,,g:\SingLang\SIGNOVA\data\features\isolated_signs\train\iso_goodbye_013.npz,47,191371
iso_goodbye_014,SIGNOVA_ISOLATED_BENCHMARK,8,GOODBYE,train,session_06,,g:\SingLang\SIGNOVA\data\features\isolated_signs\train\iso_goodbye_014.npz,48,195455
iso_goodbye_015,SIGNOVA_ISOLATED_BENCHMARK,8,GOODBYE,val,session_07,,g:\SingLang\SIGNOVA\data\features\isolated_signs\val\iso_goodbye_015.npz,49,199388
iso_goodbye_016,SIGNOVA_ISOLATED_BENCHMARK,8,GOODBYE,test,session_08,,g:\SingLang\SIGNOVA\data\features\isolated_signs\test\iso_goodbye_016.npz,50,203542
iso_goodbye_017,SIGNOVA_ISOLATED_BENCHMARK,8,GOODBYE,train,session_01,,g:\SingLang\SIGNOVA\data\features\isolated_signs\train\iso_goodbye_017.npz,51,207466
iso_goodbye_018,SIGNOVA_ISOLATED_BENCHMARK,8,GOODBYE,train,session_02,,g:\SingLang\SIGNOVA\data\features\isolated_signs\train\iso_goodbye_018.npz,52,211518
iso_goodbye_019,SIGNOVA_ISOLATED_BENCHMARK,8,GOODBYE,train,session_03,,g:\SingLang\SIGNOVA\data\features\isolated_signs\train\iso_goodbye_019.npz,53,215617
iso_goodbye_020,SIGNOVA_ISOLATED_BENCHMARK,8,GOODBYE,train,session_04,,g:\SingLang\SIGNOVA\data\features\isolated_signs\train\iso_goodbye_020.npz,54,219621
iso_goodbye_021,SIGNOVA_ISOLATED_BENCHMARK,8,GOODBYE,train,session_05,,g:\SingLang\SIGNOVA\data\features\isolated_signs\train\iso_goodbye_021.npz,35,142835
iso_goodbye_022,SIGNOVA_ISOLATED_BENCHMARK,8,GOODBYE,train,session_06,,g:\SingLang\SIGNOVA\data\features\isolated_signs\train\iso_goodbye_022.npz,36,146856
iso_goodbye_023,SIGNOVA_ISOLATED_BENCHMARK,8,GOODBYE,val,session_07,,g:\SingLang\SIGNOVA\data\features\isolated_signs\val\iso_goodbye_023.npz,37,150890
iso_goodbye_024,SIGNOVA_ISOLATED_BENCHMARK,8,GOODBYE,test,session_08,,g:\SingLang\SIGNOVA\data\features\isolated_signs\test\iso_goodbye_024.npz,38,155009
iso_goodbye_025,SIGNOVA_ISOLATED_BENCHMARK,8,GOODBYE,train,session_01,,g:\SingLang\SIGNOVA\data\features\isolated_signs\train\iso_goodbye_025.npz,39,159113
iso_goodbye_026,SIGNOVA_ISOLATED_BENCHMARK,8,GOODBYE,train,session_02,,g:\SingLang\SIGNOVA\data\features\isolated_signs\train\iso_goodbye_026.npz,40,163068
iso_goodbye_027,SIGNOVA_ISOLATED_BENCHMARK,8,GOODBYE,train,session_03,,g:\SingLang\SIGNOVA\data\features\isolated_signs\train\iso_goodbye_027.npz,41,167252
iso_goodbye_028,SIGNOVA_ISOLATED_BENCHMARK,8,GOODBYE,train,session_04,,g:\SingLang\SIGNOVA\data\features\isolated_signs\train\iso_goodbye_028.npz,42,171211
iso_welcome_001,SIGNOVA_ISOLATED_BENCHMARK,9,WELCOME,train,session_01,,g:\SingLang\SIGNOVA\data\features\isolated_signs\train\iso_welcome_001.npz,35,143002
iso_welcome_002,SIGNOVA_ISOLATED_BENCHMARK,9,WELCOME,train,session_02,,g:\SingLang\SIGNOVA\data\features\isolated_signs\train\iso_welcome_002.npz,36,146917
iso_welcome_003,SIGNOVA_ISOLATED_BENCHMARK,9,WELCOME,train,session_03,,g:\SingLang\SIGNOVA\data\features\isolated_signs\train\iso_welcome_003.npz,37,151054
iso_welcome_004,SIGNOVA_ISOLATED_BENCHMARK,9,WELCOME,train,session_04,,g:\SingLang\SIGNOVA\data\features\isolated_signs\train\iso_welcome_004.npz,38,155059
iso_welcome_005,SIGNOVA_ISOLATED_BENCHMARK,9,WELCOME,train,session_05,,g:\SingLang\SIGNOVA\data\features\isolated_signs\train\iso_welcome_005.npz,39,159085
iso_welcome_006,SIGNOVA_ISOLATED_BENCHMARK,9,WELCOME,train,session_06,,g:\SingLang\SIGNOVA\data\features\isolated_signs\train\iso_welcome_006.npz,40,163189
iso_welcome_007,SIGNOVA_ISOLATED_BENCHMARK,9,WELCOME,val,session_07,,g:\SingLang\SIGNOVA\data\features\isolated_signs\val\iso_welcome_007.npz,41,167140
iso_welcome_008,SIGNOVA_ISOLATED_BENCHMARK,9,WELCOME,test,session_08,,g:\SingLang\SIGNOVA\data\features\isolated_signs\test\iso_welcome_008.npz,42,171237
iso_welcome_009,SIGNOVA_ISOLATED_BENCHMARK,9,WELCOME,train,session_01,,g:\SingLang\SIGNOVA\data\features\isolated_signs\train\iso_welcome_009.npz,43,175404
iso_welcome_010,SIGNOVA_ISOLATED_BENCHMARK,9,WELCOME,train,session_02,,g:\SingLang\SIGNOVA\data\features\isolated_signs\train\iso_welcome_010.npz,44,179348
iso_welcome_011,SIGNOVA_ISOLATED_BENCHMARK,9,WELCOME,train,session_03,,g:\SingLang\SIGNOVA\data\features\isolated_signs\train\iso_welcome_011.npz,45,183360
iso_welcome_012,SIGNOVA_ISOLATED_BENCHMARK,9,WELCOME,train,session_04,,g:\SingLang\SIGNOVA\data\features\isolated_signs\train\iso_welcome_012.npz,46,187385
iso_welcome_013,SIGNOVA_ISOLATED_BENCHMARK,9,WELCOME,train,session_05,,g:\SingLang\SIGNOVA\data\features\isolated_signs\train\iso_welcome_013.npz,47,191330
iso_welcome_014,SIGNOVA_ISOLATED_BENCHMARK,9,WELCOME,train,session_06,,g:\SingLang\SIGNOVA\data\features\isolated_signs\train\iso_welcome_014.npz,48,195485
iso_welcome_015,SIGNOVA_ISOLATED_BENCHMARK,9,WELCOME,val,session_07,,g:\SingLang\SIGNOVA\data\features\isolated_signs\val\iso_welcome_015.npz,49,199544
iso_welcome_016,SIGNOVA_ISOLATED_BENCHMARK,9,WELCOME,test,session_08,,g:\SingLang\SIGNOVA\data\features\isolated_signs\test\iso_welcome_016.npz,50,203566
iso_welcome_017,SIGNOVA_ISOLATED_BENCHMARK,9,WELCOME,train,session_01,,g:\SingLang\SIGNOVA\data\features\isolated_signs\train\iso_welcome_017.npz,51,207651
iso_welcome_018,SIGNOVA_ISOLATED_BENCHMARK,9,WELCOME,train,session_02,,g:\SingLang\SIGNOVA\data\features\isolated_signs\train\iso_welcome_018.npz,52,211723
iso_welcome_019,SIGNOVA_ISOLATED_BENCHMARK,9,WELCOME,train,session_03,,g:\SingLang\SIGNOVA\data\features\isolated_signs\train\iso_welcome_019.npz,53,215653
iso_welcome_020,SIGNOVA_ISOLATED_BENCHMARK,9,WELCOME,train,session_04,,g:\SingLang\SIGNOVA\data\features\isolated_signs\train\iso_welcome_020.npz,54,219792
iso_welcome_021,SIGNOVA_ISOLATED_BENCHMARK,9,WELCOME,train,session_05,,g:\SingLang\SIGNOVA\data\features\isolated_signs\train\iso_welcome_021.npz,35,142904
iso_welcome_022,SIGNOVA_ISOLATED_BENCHMARK,9,WELCOME,train,session_06,,g:\SingLang\SIGNOVA\data\features\isolated_signs\train\iso_welcome_022.npz,36,147074
iso_welcome_023,SIGNOVA_ISOLATED_BENCHMARK,9,WELCOME,val,session_07,,g:\SingLang\SIGNOVA\data\features\isolated_signs\val\iso_welcome_023.npz,37,150978
iso_welcome_024,SIGNOVA_ISOLATED_BENCHMARK,9,WELCOME,test,session_08,,g:\SingLang\SIGNOVA\data\features\isolated_signs\test\iso_welcome_024.npz,38,155125
iso_welcome_025,SIGNOVA_ISOLATED_BENCHMARK,9,WELCOME,train,session_01,,g:\SingLang\SIGNOVA\data\features\isolated_signs\train\iso_welcome_025.npz,39,159109
iso_welcome_026,SIGNOVA_ISOLATED_BENCHMARK,9,WELCOME,train,session_02,,g:\SingLang\SIGNOVA\data\features\isolated_signs\train\iso_welcome_026.npz,40,163135
iso_welcome_027,SIGNOVA_ISOLATED_BENCHMARK,9,WELCOME,train,session_03,,g:\SingLang\SIGNOVA\data\features\isolated_signs\train\iso_welcome_027.npz,41,167273
iso_welcome_028,SIGNOVA_ISOLATED_BENCHMARK,9,WELCOME,train,session_04,,g:\SingLang\SIGNOVA\data\features\isolated_signs\train\iso_welcome_028.npz,42,171230
